ID,Description,setSize,enrichmentScore,NES,pvalue,p.adjust,qvalue,rank,leading_edge,core_enrichment
GO:0006119,oxidative phosphorylation,110,-0.5872581048878328,-2.4852070738252308,1e-10,2.0163333333333333e-7,1.7747368421052634e-7,2795,"tags=51%, list=17%, signal=42%",72900/67530/72759/12122/73467/70556/56428/17869/78330/67914/66495/17993/12862/66383/68342/54405/11474/66377/17991/67680/66142/230125/13063/56312/66148/68349/67184/11848/68202/12868/12064/66925/66152/66694/66592/67130/268697/12861/22273/66972/69875/227197/12867/104130/595136/68194/110323/66091/12859/75406/66218/67267/67264/13382/66046/12864
GO:0009060,aerobic respiration,154,-0.5135197027663505,-2.29183333591212,1e-10,2.0163333333333333e-7,1.7747368421052634e-7,2795,"tags=44%, list=17%, signal=36%",72900/67530/72759/12122/73467/70556/63873/56428/17869/76824/17840/78330/67914/66495/17993/170731/12862/66383/68342/54405/11474/66377/17991/17448/67680/66142/230125/13063/56312/66148/68349/67184/11848/68202/12868/12064/66925/14533/66152/66694/66592/67130/268697/11651/20916/12861/68263/22273/66972/69875/170718/227197/12867/104130/595136/68194/110323/66091/12859/75406/66218/67267/12833/67264/13382/66046/12864
GO:0030198,extracellular matrix organization,288,-0.4233647816214076,-2.0297509279624473,1e-10,2.0163333333333333e-7,1.7747368421052634e-7,2306,"tags=27%, list=14%, signal=24%",18822/71890/380664/14086/12837/109254/18073/11606/58859/12306/14230/17181/12826/17385/16948/18034/102693/240725/72043/52335/56429/12818/52076/71914/14083/14758/216725/12827/226089/12814/20682/107250/12845/56693/12821/240913/23876/17183/13110/17384/11820/17387/12825/53381/12819/18015/219151/67896/12633/229534/23794/16773/13010/13040/14726/207596/17390/23871/50706/12831/268780/12832/12406/12842/54631/12843/15530/17381/13078/13717/12833/66214/208936/56348/17392/16854/16412/20319/17228
GO:0043062,extracellular structure organization,289,-0.42263944713679685,-2.024040337622419,2.3431881437212713e-10,3.5434862703424924e-7,3.118906744984787e-7,2306,"tags=27%, list=14%, signal=24%",18822/71890/380664/14086/12837/109254/18073/11606/58859/12306/14230/17181/12826/17385/16948/18034/102693/240725/72043/52335/56429/12818/52076/71914/14083/14758/216725/12827/226089/12814/20682/107250/12845/56693/12821/240913/23876/17183/13110/17384/11820/17387/12825/53381/12819/18015/219151/67896/12633/229534/23794/16773/13010/13040/14726/207596/17390/23871/50706/12831/268780/12832/12406/12842/54631/12843/15530/17381/13078/13717/12833/66214/208936/56348/17392/16854/16412/20319/17228
GO:0045229,external encapsulating structure organization,289,-0.41865990606382275,-2.0049821268673838,4.3606717060613586e-10,4.6859338921901863e-7,4.124466615046935e-7,2306,"tags=27%, list=14%, signal=24%",18822/71890/380664/14086/12837/109254/18073/11606/58859/12306/14230/17181/12826/17385/16948/18034/102693/240725/72043/52335/56429/12818/52076/71914/14083/14758/216725/12827/226089/12814/20682/107250/12845/56693/12821/240913/23876/17183/13110/17384/11820/17387/12825/53381/12819/18015/219151/67896/12633/229534/23794/16773/13010/13040/14726/207596/17390/23871/50706/12831/268780/12832/12406/12842/54631/12843/15530/17381/13078/13717/12833/66214/208936/56348/17392/16854/16412/20319/17228
GO:0015980,energy derivation by oxidation of organic compounds,301,-0.4098537430799651,-1.9727149071383248,4.6479754262094756e-10,4.6859338921901863e-7,4.124466615046935e-7,2592,"tags=33%, list=16%, signal=28%",93757/12122/71701/110095/73467/70556/63873/66494/68015/14583/56428/227731/242700/17869/76824/17840/12846/22059/12421/78330/67914/66495/17993/73181/18021/77559/170731/16367/12862/66383/18124/68342/72157/56857/110094/54405/11474/66377/17991/17448/20411/67680/66142/230125/13063/56312/66148/68349/70673/67184/11848/68202/19046/56637/54636/12868/12064/66925/14533/68002/66152/66694/66592/50799/56351/57436/108099/67130/268697/11651/16847/20916/18605/12861/68263/22273/66972/110826/69875/170718/227197/12867/104130/595136/68194/110323/66091/12859/75406/110842/66218/16000/18682/67267/12833/67264/13382/66046/12864
GO:0045333,cellular respiration,210,-0.45521861918611817,-2.101667678124952,1.1036652158572392e-9,9.537244129600628e-7,8.394494228279573e-7,2592,"tags=38%, list=16%, signal=32%",93757/12122/71701/73467/70556/63873/66494/68015/56428/227731/242700/17869/76824/17840/78330/67914/66495/17993/73181/18021/170731/12862/66383/18124/68342/56857/54405/11474/66377/17991/17448/67680/66142/230125/13063/56312/66148/68349/70673/67184/11848/68202/12868/12064/66925/14533/68002/66152/66694/66592/50799/67130/268697/11651/20916/12861/68263/22273/66972/110826/69875/170718/227197/12867/104130/595136/68194/110323/66091/12859/75406/110842/66218/67267/12833/67264/13382/66046/12864
GO:0007160,cell-matrix adhesion,212,-0.42236255094797315,-1.9495977584924897,5.232462960615408e-8,3.516796494306956e-5,3.095414930385115e-5,2745,"tags=34%, list=17%, signal=29%",19262/16420/18074/241639/12361/225631/23991/12554/18787/16419/12571/16408/67811/11465/16414/18708/18073/94175/11606/58859/434204/16403/12306/16449/226352/11474/20349/19229/16728/20411/19272/110829/18792/14083/18607/14758/18606/12490/11848/105352/16402/56637/19247/72349/16401/17387/12825/18015/329278/74769/18829/192119/16400/12125/16202/12387/12552/50706/16398/208777/21838/12512/64930/12491/12631/230379/19353/18552/17381/77569/109711/16412/11815
GO:0006091,generation of precursor metabolites and energy,415,-0.3564956069871523,-1.7677816659156598,4.840918113222419e-8,3.516796494306956e-5,3.095414930385115e-5,2592,"tags=28%, list=16%, signal=24%",93757/12122/71701/110095/73467/70556/63873/66494/68015/14583/328572/56428/227731/242700/17869/76824/17840/12846/22059/12421/108155/78330/67914/66495/110119/17993/73181/18021/77559/22228/170731/16367/17992/18648/12862/19164/66383/18124/68342/72157/56857/110094/54405/11474/66377/17991/17448/20411/67680/66142/230125/13063/56312/14148/12034/66148/68349/11676/26459/70673/67184/11848/68202/19046/15937/56637/54636/12868/12064/15356/11820/21428/66925/14533/68002/66152/66694/66592/50799/56351/57436/14635/108099/67130/268697/11651/16847/20916/18605/12861/68263/22273/16889/66972/110826/69875/170718/227197/12867/104130/595136/68194/110323/66091/12859/75406/110842/66218/16000/17425/18682/67267/12833/54403/67264/13382/66046/12864
GO:0009141,nucleoside triphosphate metabolic process,232,-0.40443939768768733,-1.8920559513398576,6.826918578476489e-8,4.1296030481204284e-5,3.634795175782535e-5,2397,"tags=30%, list=15%, signal=26%",328572/56428/227731/66401/17869/108155/78330/66495/110119/17993/22228/12628/12015/18648/57319/74143/19164/68342/331623/66725/54405/11717/11474/66377/17991/67680/56312/68349/23917/11676/98660/67184/11848/68202/15937/56520/11820/21428/66925/98496/66592/55936/11966/50799/14635/108099/67130/14923/18605/67414/19384/14904/66437/16889/12257/22171/69875/227197/104130/595136/68194/66091/75406/66218/16000/17425/12833/54403/67264/66046
GO:0009150,purine ribonucleotide metabolic process,271,-0.39137535228406295,-1.8704549166500575,7.995995597143516e-8,4.397070669738284e-5,3.87021490242602e-5,2795,"tags=31%, list=17%, signal=26%",72900/18160/243853/15254/231327/104215/108156/328572/56428/227731/66401/17869/108155/78330/66495/110119/17993/22228/12628/11512/71207/12015/18648/230103/74143/19164/68342/432530/331623/66725/54405/11717/11474/66377/17991/67680/14544/56312/68349/23917/229363/11676/98660/67184/11848/68202/15937/76974/67054/12298/18158/56520/11820/21428/23972/66925/98496/66592/11966/50799/14635/108099/67130/14923/18605/67414/19384/14904/66437/16889/12257/69875/227197/104130/595136/68194/66091/75406/66218/16000/17425/12833/54403/67264/66046
GO:0009205,purine ribonucleoside triphosphate metabolic process,211,-0.41918712880567977,-1.9329813066820238,9.043205274978457e-8,4.558529059028724e-5,4.012327393056231e-5,2397,"tags=31%, list=15%, signal=27%",328572/56428/227731/66401/17869/108155/78330/66495/110119/17993/22228/12628/12015/18648/74143/19164/68342/331623/66725/54405/11717/11474/66377/17991/67680/56312/68349/23917/11676/98660/67184/11848/68202/15937/56520/11820/21428/66925/98496/66592/11966/50799/14635/108099/67130/18605/67414/19384/14904/66437/16889/12257/69875/227197/104130/595136/68194/66091/75406/66218/16000/17425/12833/54403/67264/66046
GO:0042776,proton motive force-driven mitochondrial ATP synthesis,42,-0.6586957348080569,-2.358235370074454,1.2112240471988208e-7,5.635918662696667e-5,4.960624478325211e-5,2204,"tags=57%, list=14%, signal=49%",78330/66495/17993/68342/54405/66377/17991/67680/68349/67184/68202/66925/66592/67130/69875/227197/104130/595136/68194/66091/75406/66218/67264/66046
GO:0009144,purine nucleoside triphosphate metabolic process,218,-0.41148192263370775,-1.9085901619467023,1.9183203064498716e-7,8.288513952653767e-5,7.295386548889812e-5,2397,"tags=31%, list=15%, signal=26%",328572/56428/227731/66401/17869/108155/78330/66495/110119/17993/22228/12628/12015/18648/74143/19164/68342/331623/66725/54405/11717/11474/66377/17991/67680/56312/68349/23917/11676/98660/67184/11848/68202/15937/56520/11820/21428/66925/98496/66592/11966/50799/14635/108099/67130/14923/18605/67414/19384/14904/66437/16889/12257/69875/227197/104130/595136/68194/66091/75406/66218/16000/17425/12833/54403/67264/66046
GO:0009152,purine ribonucleotide biosynthetic process,111,-0.49248606178611404,-2.0782061892027492,2.8946817463858217e-7,1.1384250892953206e-4,1.0020193162255148e-4,2795,"tags=40%, list=17%, signal=33%",72900/18160/231327/108156/66401/17869/78330/66495/17993/11512/230103/68342/432530/54405/11717/66377/17991/67680/68349/23917/229363/67184/68202/67054/18158/56520/23972/66925/98496/66592/50799/67130/14923/16889/69875/227197/104130/595136/68194/66091/75406/66218/67264/66046
GO:0009199,ribonucleoside triphosphate metabolic process,216,-0.41288724991963716,-1.9102914723817508,3.011208700400914e-7,1.1384250892953206e-4,1.0020193162255148e-4,2397,"tags=31%, list=15%, signal=27%",328572/56428/227731/66401/17869/108155/78330/66495/110119/17993/22228/12628/12015/18648/74143/19164/68342/331623/66725/54405/11717/11474/66377/17991/67680/56312/68349/23917/11676/98660/67184/11848/68202/15937/56520/11820/21428/66925/98496/66592/55936/11966/50799/14635/108099/67130/18605/67414/19384/14904/66437/16889/12257/69875/227197/104130/595136/68194/66091/75406/66218/16000/17425/12833/54403/67264/66046
GO:0009259,ribonucleotide metabolic process,290,-0.3769695109004158,-1.8060946437794707,3.591564031146417e-7,1.2779629896708634e-4,1.124837824739231e-4,2397,"tags=28%, list=15%, signal=24%",328572/56428/227731/66401/17869/108155/78330/66495/110119/17993/22228/12628/11512/71207/12015/18648/230103/74143/19164/68342/432530/331623/66725/54405/11717/11474/66377/17991/56749/67680/14544/107569/56312/66588/68349/23917/229363/11676/98660/67184/11848/68202/15937/76974/67054/12298/18158/56520/11820/21428/23972/66925/98496/66592/55936/11966/50799/14635/108099/67130/14923/18605/67414/19384/14904/66437/16889/12257/69875/227197/104130/595136/68194/66091/75406/66218/16000/17425/12833/54403/67264/66046
GO:0019693,ribose phosphate metabolic process,298,-0.3750240810359904,-1.802747352439439,4.4974843436065503e-7,1.5114045996931122e-4,1.3303085268983589e-4,2795,"tags=31%, list=17%, signal=26%",72900/18160/243853/67763/15254/231327/104215/110095/108156/328572/56428/227731/66401/17869/108155/78330/66495/110119/17993/22228/12628/11512/71207/12015/66174/18648/230103/74143/19164/68342/432530/331623/66725/54405/11717/11474/66377/17991/56749/67680/14544/107569/56312/66588/68349/23917/229363/11676/98660/67184/11848/68202/15937/76974/67054/12298/18158/56520/11820/21428/23972/66925/98496/66592/55936/11966/50799/14635/108099/67130/14923/18605/67414/19384/14904/66437/16889/12257/69875/227197/104130/595136/68194/66091/75406/66218/16000/17425/12833/54403/67264/66046
GO:0010257,NADH dehydrogenase complex assembly,50,-0.6243090498491922,-2.284615857470209,5.864479639277664e-7,1.7737118668995295e-4,1.5611862113403384e-4,2176,"tags=48%, list=14%, signal=42%",66495/17993/75597/68342/54405/66377/235169/17991/68493/68349/67184/68202/67130/69875/227197/104130/595136/68194/66091/75406/108755/66218/67264/66046
GO:0032981,mitochondrial respiratory chain complex I assembly,50,-0.6243090498491922,-2.284615857470209,5.864479639277664e-7,1.7737118668995295e-4,1.5611862113403384e-4,2176,"tags=48%, list=14%, signal=42%",66495/17993/75597/68342/54405/66377/235169/17991/68493/68349/67184/68202/67130/69875/227197/104130/595136/68194/66091/75406/108755/66218/67264/66046
GO:0097250,mitochondrial respirasome assembly,89,-0.5100298912909275,-2.091664105118368,8.091341048503192e-7,2.3306915239236097e-4,2.0514287229738922e-4,2176,"tags=37%, list=14%, signal=32%",66495/17993/100503890/75597/68342/54405/66377/235169/17991/70397/66379/68493/68349/67184/68202/68002/66117/67130/66278/22273/69875/227197/67044/104130/595136/68194/66091/75406/108755/66218/67267/67264/66046
GO:0045785,positive regulation of cell adhesion,455,-0.3312489461407933,-1.6575194094869914,8.565320081894873e-7,2.355073689790095e-4,2.0728894246040323e-4,2889,"tags=28%, list=18%, signal=23%",21813/17311/171285/83436/320664/12509/14924/76365/13132/246707/12394/224023/64075/241639/110253/18793/15040/22042/12772/13642/23991/328572/12554/12399/12571/16408/20339/67811/104831/12837/26365/170758/16414/18073/12015/94175/12333/11600/74143/58859/13848/18124/16403/21872/14969/101540/55985/226352/70945/17974/12524/16186/19229/14999/13846/16818/16728/13866/225341/55948/110829/18750/14083/57257/30963/22724/18606/380705/11848/16402/56637/19247/16423/277360/66824/12144/16401/72057/56468/12010/11689/18534/67896/18829/192119/16400/330817/20163/17131/16773/27050/74734/14726/207952/16202/15000/23871/16398/19219/268780/21838/12512/83945/64930/14115/12491/76709/19401/14960/12631/107527/22433/19353/16149/17684/18552/20344/16456/11461/16000/14961/16952/16852/56348/67916/16412
GO:0015986,proton motive force-driven ATP synthesis,43,-0.6323241502715813,-2.2825708066399386,9.797288297298294e-7,2.4908524220162173e-4,2.1923991874355967e-4,2204,"tags=56%, list=14%, signal=48%",78330/66495/17993/68342/54405/66377/17991/67680/68349/67184/68202/66925/66592/67130/69875/227197/104130/595136/68194/66091/75406/66218/67264/66046
GO:0010810,regulation of cell-substrate adhesion,209,-0.40147900381519075,-1.8523894513628196,9.88270096352938e-7,2.4908524220162173e-4,2.1923991874355967e-4,2891,"tags=35%, list=18%, signal=29%",108911/83436/320664/107351/13132/19262/64075/241639/12361/110253/225631/23991/17283/12554/18787/12571/67811/11465/12837/170758/18708/18073/94175/58859/16403/19354/16449/226352/20349/19229/16728/225341/110829/18792/14083/14758/30963/18606/11848/105352/16402/56637/19247/72349/19246/277360/17387/18015/74769/67896/18829/192119/16400/20163/14726/16202/50706/268780/21838/64930/14115/12491/76709/12631/230379/12842/19353/18552/17381/16852/77569/56348/16412/11815
GO:0046034,ATP metabolic process,190,-0.41388289361061203,-1.8873469035299464,1.2482097582979555e-6,3.0201683311777334e-4,2.658292613672025e-4,2397,"tags=31%, list=15%, signal=26%",328572/56428/227731/66401/17869/108155/78330/66495/110119/17993/22228/12628/12015/18648/19164/68342/331623/54405/11717/11474/66377/17991/67680/56312/68349/11676/98660/67184/68202/15937/11820/21428/66925/98496/66592/11966/50799/14635/108099/67130/18605/66437/16889/12257/69875/227197/104130/595136/68194/66091/75406/66218/16000/17425/12833/54403/67264/66046
GO:0009145,purine nucleoside triphosphate biosynthetic process,77,-0.5243667598927058,-2.0825498192973315,2.0460648743361328e-6,4.6038566307548054e-4,4.0522238279241994e-4,2364,"tags=40%, list=15%, signal=34%",66401/17869/78330/66495/17993/68342/54405/66377/17991/67680/68349/23917/67184/68202/56520/66925/98496/66592/50799/67130/16889/69875/227197/104130/595136/68194/66091/75406/66218/67264/66046
GO:0009201,ribonucleoside triphosphate biosynthetic process,80,-0.5112969381829763,-2.0592120106191407,2.054953364694656e-6,4.6038566307548054e-4,4.0522238279241994e-4,2364,"tags=40%, list=15%, signal=34%",66401/17869/78330/66495/17993/68342/54405/66377/17991/67680/68349/23917/67184/68202/56520/66925/98496/66592/55936/50799/67130/16889/69875/227197/104130/595136/68194/66091/75406/66218/67264/66046
GO:0006754,ATP biosynthetic process,67,-0.5466887508446208,-2.128876004303317,2.1489577719431393e-6,4.642516272315732e-4,4.086251282138496e-4,2364,"tags=43%, list=15%, signal=37%",66401/17869/78330/66495/17993/68342/54405/66377/17991/67680/68349/67184/68202/66925/98496/66592/50799/67130/16889/69875/227197/104130/595136/68194/66091/75406/66218/67264/66046
GO:0002495,antigen processing and presentation of peptide antigen via MHC class II,20,-0.7591038065764952,-2.2194444520290317,2.5559285237789834e-6,5.153603880113023e-4,4.53610051693828e-4,1654,"tags=55%, list=10%, signal=49%",14969/14999/19141/14127/66824/12010/13040/15000/14960/16149/14961
GO:0009206,purine ribonucleoside triphosphate biosynthetic process,76,-0.5256233159587707,-2.0933887980088404,2.5301791108810754e-6,5.153603880113023e-4,4.53610051693828e-4,2364,"tags=41%, list=15%, signal=35%",66401/17869/78330/66495/17993/68342/54405/66377/17991/67680/68349/23917/67184/68202/56520/66925/98496/66592/50799/67130/16889/69875/227197/104130/595136/68194/66091/75406/66218/67264/66046
GO:0033108,mitochondrial respiratory chain complex assembly,84,-0.5067278082156683,-2.04617385398072,3.053291638006464e-6,5.375521787137924e-4,4.7314282829425693e-4,2176,"tags=37%, list=14%, signal=32%",66495/17993/100503890/75597/68342/54405/66377/235169/17991/66379/68493/68349/67184/68202/68002/68653/67130/66278/22273/69875/227197/104130/595136/68194/66091/75406/108755/66218/67267/67264/66046
GO:0032543,mitochondrial translation,124,-0.45603287233162065,-1.9774063869916878,2.7673534098376434e-6,5.375521787137924e-4,4.7314282829425693e-4,1824,"tags=28%, list=11%, signal=25%",229487/67707/211064/79044/71799/27393/66163/66292/66971/94064/68499/66077/64658/14548/94067/212508/75619/78523/52575/60441/74600/19935/109093/64659/121022/56284/66845/75398/77721/94065/216767/57312/67267/67308/18100
GO:0009260,ribonucleotide biosynthetic process,124,-0.4551571591904144,-1.9736092029208547,2.9837922886996887e-6,5.375521787137924e-4,4.7314282829425693e-4,2795,"tags=38%, list=17%, signal=32%",72900/18160/231327/108156/66401/17869/78330/66495/17993/11512/230103/68342/432530/54405/11717/66377/17991/56749/67680/66588/68349/23917/229363/67184/68202/67054/18158/56520/23972/66925/98496/66592/55936/50799/67130/14923/16889/69875/227197/104130/595136/68194/66091/75406/66218/67264/66046
GO:0046390,ribose phosphate biosynthetic process,131,-0.44565857769430206,-1.9458150140536143,3.11032009505418e-6,5.375521787137924e-4,4.7314282829425693e-4,2795,"tags=37%, list=17%, signal=31%",72900/18160/67763/231327/110095/108156/66401/17869/78330/66495/17993/11512/230103/68342/432530/54405/11717/66377/17991/56749/67680/66588/68349/23917/229363/67184/68202/67054/18158/56520/23972/66925/98496/66592/55936/50799/67130/14923/16889/69875/227197/104130/595136/68194/66091/75406/66218/67264/66046
GO:0050900,leukocyte migration,341,-0.3437713711292691,-1.6702770328136891,2.9579713560071428e-6,5.375521787137924e-4,4.7314282829425693e-4,2313,"tags=25%, list=14%, signal=22%",18787/16408/20339/22059/68667/13609/13143/170758/109254/16414/18708/12333/56221/16403/17698/20306/19354/13601/55985/71660/16590/19229/101502/19141/20496/18750/16803/14083/57257/20297/11487/14127/13722/28240/12490/380705/11848/17319/100039672/57781/16423/277360/20305/66824/54324/17965/11820/16401/17387/14254/17524/18015/66629/11689/18829/16400/11651/12978/18605/20311/17390/27226/17874/16398/19219/13618/14825/14205/21838/56744/20085/19353/16149/20344/12527/16456/19035/70208/268373/16952/14131/19252/16854/16412/11815
GO:0009142,nucleoside triphosphate biosynthetic process,87,-0.49603507277126985,-2.0202737865074334,4.06322578114361e-6,6.82734798614936e-4,6.009297076322918e-4,2364,"tags=38%, list=15%, signal=33%",66401/17869/78330/66495/17993/68342/54405/66377/17991/67680/68349/23917/67184/68202/56520/66925/98496/66592/55936/50799/67130/16889/22171/69875/227197/104130/595136/68194/66091/75406/66218/67264/66046
GO:0042773,ATP synthesis coupled electron transport,63,-0.5409317452557454,-2.0809530214524883,4.575575506990112e-6,7.28359374783768e-4,6.410875599544595e-4,3866,"tags=57%, list=24%, signal=44%",66414/12534/66416/225887/67273/22272/66072/12866/72900/67530/12122/56428/78330/67914/12862/66383/67680/66142/13063/66148/68349/12868/12064/66925/66152/66694/268697/12861/22273/227197/12867/12859/75406/66218/67264/13382
GO:0042775,mitochondrial ATP synthesis coupled electron transport,63,-0.5409317452557454,-2.0809530214524883,4.575575506990112e-6,7.28359374783768e-4,6.410875599544595e-4,3866,"tags=57%, list=24%, signal=44%",66414/12534/66416/225887/67273/22272/66072/12866/72900/67530/12122/56428/78330/67914/12862/66383/67680/66142/13063/66148/68349/12868/12064/66925/66152/66694/268697/12861/22273/227197/12867/12859/75406/66218/67264/13382
GO:0030199,collagen fibril organization,62,-0.5478407286952368,-2.0991720585835627,4.868393600980812e-6,7.551003305726393e-4,6.646244219638582e-4,1906,"tags=35%, list=12%, signal=31%",58859/12306/14230/17385/16948/56429/12818/71914/216725/12814/12845/56693/12825/18015/12831/12832/12406/12842/12843/13078/12833/20319
GO:0031589,cell-substrate adhesion,334,-0.3445702530019179,-1.6724950578874838,5.057827649883158e-6,7.648699863535806e-4,6.732234803449741e-4,2891,"tags=30%, list=18%, signal=25%",108911/83436/320664/107351/13132/19262/16420/18074/64075/241639/12361/110253/225631/23991/17283/12554/18787/16419/12571/16408/67811/11465/12837/170758/16414/18708/18073/94175/11606/11600/58859/434204/16403/12306/57776/19354/16449/226352/11474/20349/19229/16728/20411/19015/19272/225341/110829/18792/14083/18607/14758/30963/18606/12490/11848/105352/16402/56637/19247/72349/19246/277360/16401/17387/12825/18015/329278/74769/67896/18829/192119/16400/20163/14726/12125/16202/12387/12552/50706/16398/208777/268780/21838/12512/64930/14115/12491/76709/12631/230379/12842/19353/18552/17381/16852/77569/56348/109711/16412/11815
GO:0060326,cell chemotaxis,279,-0.3580693410433461,-1.7134600154128106,8.41593761426482e-6,0.0012416586982606805,0.0010928835032850185,3583,"tags=37%, list=22%, signal=29%",170756/18595/66166/21828/109700/15234/58217/18720/140579/20315/98365/21808/330122/18761/74748/71785/12261/17925/76527/18438/244332/13614/12267/17295/21983/20210/20302/20343/75458/56212/20947/63873/12772/15200/238130/18787/68667/14870/13609/13143/170758/20301/16414/94175/56221/20306/19354/230972/101540/55985/16948/71660/16590/216869/19229/101502/19141/20496/18750/16803/14083/57257/20297/11487/14127/28240/18606/380705/17319/100039672/277360/20305/14182/54324/17965/11820/14254/17524/11689/18829/14869/12978/15370/20311/17390/27226/12767/14745/13618/14825/14205/252837/56744/20085/19353/16149/19035/268373/16952/14131/19252/16854
GO:0140053,mitochondrial gene expression,160,-0.4138902051181145,-1.850914611898445,1.0258564406879724e-5,0.0014774775261241773,0.0013004465857142267,2682,"tags=44%, list=17%, signal=37%",68537/232536/108853/105787/76781/107734/71984/69527/66410/71989/70047/50529/68735/66047/216151/94062/107733/227682/28028/12261/21780/67270/102060/226976/21379/66242/71701/70556/66587/64655/27398/12628/229487/67707/211064/66966/79044/71799/27393/66163/66292/66971/94064/68499/66077/64658/52477/14548/94067/212508/75619/78523/52575/60441/74600/19935/109093/64659/121022/56284/66845/545725/75398/77721/94065/216767/57312/67267/67308/18100
GO:0048659,smooth muscle cell proliferation,181,-0.3941534872471881,-1.794698500214034,1.1824872039805483e-5,0.0016634569992740316,0.0014641420508527817,2930,"tags=36%, list=18%, signal=30%",15902/13614/12267/21813/18160/100017/13982/18392/22596/13649/11727/15200/12554/17869/67811/12846/22059/14870/13609/16011/170731/16476/18708/11731/11606/58859/18124/12168/108655/240725/234593/19015/14609/12797/17420/18750/14083/15368/11848/56637/18158/14254/18015/14180/18295/18479/57264/14869/11651/16202/12575/18605/20841/12387/17390/17874/16398/14375/14183/54598/22433/11816/15446/16000/11815
GO:0002366,leukocyte activation involved in immune response,258,-0.35518466558063505,-1.681750379199055,1.2677854998914173e-5,0.0017429169292825415,0.0015340811144619114,2932,"tags=28%, list=18%, signal=23%",70110/100561/16182/171285/94176/20302/13026/20947/72310/22042/12772/328572/17283/103743/71890/20619/16408/22059/16431/23882/18129/26365/14190/12523/16414/74143/19164/22318/55982/18124/11745/19698/58230/19354/108655/16590/19229/14999/17079/15900/22177/16803/18607/15368/22724/14127/14389/66824/20852/64685/56743/56468/18534/14159/56644/16783/17131/18605/15000/17874/19219/14191/56744/64930/214084/19401/22433/16149/101142/13421/16952/16852/16854
GO:0097529,myeloid leukocyte migration,208,-0.38151607015720235,-1.7609036230803805,1.3006540128515651e-5,0.0017483680274975816,0.0015388790636264836,3531,"tags=37%, list=22%, signal=29%",66166/21828/109700/58217/20315/21808/330122/74748/71785/12261/17470/17925/266632/76527/18438/13614/12267/17311/20302/20343/75458/20947/63873/12772/18787/13143/170758/16414/18708/56221/20306/19354/55985/71660/16590/19229/19141/18750/16803/14083/57257/14127/17319/100039672/57781/16423/277360/20305/54324/17965/11820/17387/14254/17524/18015/18829/12978/18605/20311/17390/27226/17874/19219/13618/14825/14205/56744/20085/19353/16149/12527/19035/268373/16952/14131/19252/16854
GO:0022904,respiratory electron transport chain,93,-0.46256488383038563,-1.905541691115653,1.6776554029006015e-5,0.002206116854814291,0.0019417805555769435,3952,"tags=52%, list=25%, signal=39%",14571/66414/12534/66416/225887/14719/67273/22272/66072/12866/71361/72900/67530/93757/12122/56428/78330/67914/17993/12862/66383/56857/17448/67680/66142/230125/13063/66148/68349/68202/12868/12064/66925/66152/66694/50799/268697/12861/22273/110826/227197/12867/12859/75406/110842/66218/67264/13382
GO:0019886,antigen processing and presentation of exogenous peptide antigen via MHC class II,18,-0.7526580995275829,-2.151579626119146,1.8660181463173502e-5,0.002401605056824181,0.0021138454163657687,1654,"tags=56%, list=10%, signal=50%",14969/14999/19141/14127/12010/13040/15000/14960/16149/14961
GO:0002263,cell activation involved in immune response,261,-0.351795033123954,-1.6670782836523248,1.945593121809233e-5,0.0024518526653800107,0.0021580723706383998,2932,"tags=28%, list=18%, signal=24%",70110/100561/16182/171285/94176/20302/13026/20947/72310/22042/12772/328572/17283/103743/71890/20619/16408/22059/16431/23882/18129/26365/14190/12523/16414/74143/19164/22318/55982/18124/11745/19698/58230/19354/108655/16590/19229/14999/17079/15900/22177/16803/18607/15368/22724/14127/14389/66824/20852/11820/64685/56743/56468/18534/14159/56644/16783/17131/18605/15000/17874/19219/14191/56744/64930/214084/19401/22433/16149/101142/13421/16952/16852/16854
GO:0006163,purine nucleotide metabolic process,353,-0.3286793802740822,-1.6037424654388768,1.98853525678716e-5,0.0024548264833276594,0.0021606898665584226,2397,"tags=25%, list=15%, signal=21%",328572/56428/227731/66401/17869/22059/108155/78330/66495/110119/17993/78373/22228/12628/11512/71207/12015/18648/230103/74143/19164/67880/68342/432530/331623/56857/66725/54405/11717/11474/66377/107029/18104/17991/17448/67680/14544/56312/14148/68349/23917/229363/11676/98660/67184/11848/68202/15937/76974/67054/12298/18158/56520/11820/21428/23972/66925/98496/66592/11966/50799/14635/108099/67130/14923/18605/67414/210808/19384/14904/66437/16889/12257/69875/227197/104130/595136/68194/66091/75406/66218/16000/17425/12833/54403/67264/66046
GO:0072593,reactive oxygen species metabolic process,217,-0.3716454307303671,-1.720132266976452,2.0965947185633407e-5,0.0024906982258643875,0.002192263467023183,2923,"tags=33%, list=18%, signal=27%",13614/67067/12189/21813/11793/17295/14775/18053/21418/93757/93759/236900/12408/11622/70556/13649/14235/22059/108155/14870/17993/14360/22228/170731/16414/140742/11606/17972/67880/66725/72461/22166/19229/18104/13063/18792/22333/11758/22177/20655/68349/67184/11848/11797/15937/277360/23876/11820/53381/98496/11689/12633/56644/18024/11651/12575/19219/16889/14825/12257/11843/12491/227197/26874/18477/13078/213696/13058/12833/14778/17392
GO:0009611,response to wounding,495,-0.30718793308033815,-1.5505206376218008,2.0999439497286122e-5,0.0024906982258643875,0.002192263467023183,2459,"tags=23%, list=15%, signal=20%",69964/67064/12772/15200/214523/11905/80748/18787/16419/12846/56745/11465/17993/18129/26365/20878/101490/12193/12628/109254/16476/244152/211673/94175/230103/229600/19296/12306/14230/17181/72461/70945/16687/12258/21824/19015/67836/13866/72043/20496/18792/22177/18750/20278/14083/20655/217847/18027/15368/142980/14127/19124/12490/11848/56193/18007/12845/16402/21857/12476/244058/17183/208092/94245/12192/100041286/12825/23972/66700/18015/12304/231532/18988/74769/11689/12496/12633/18479/56644/18024/17755/19128/14726/12575/18605/17390/74012/12767/109246/19219/12831/12257/56744/12491/22433/21923/11816/17381/20344/12527/16456/16000/74145/20720/12833/22240/268373/208936/16952/100503895/67916/16412/11815
GO:0048660,regulation of smooth muscle cell proliferation,174,-0.39421754199783154,-1.7779055326123758,2.389616547923943e-5,0.0027314471557550696,0.0024041659280453734,2930,"tags=36%, list=18%, signal=30%",15902/13614/12267/21813/18160/100017/13982/18392/22596/13649/11727/15200/12554/17869/12846/22059/14870/13609/16011/170731/16476/18708/11731/11606/58859/18124/12168/108655/240725/234593/19015/14609/12797/17420/18750/14083/15368/11848/56637/18158/14254/18015/14180/18295/18479/57264/14869/11651/16202/12575/20841/12387/17390/17874/16398/14375/14183/54598/22433/11816/15446/16000/11815
GO:0009913,epidermal cell differentiation,208,0.35730091137732245,1.6908103307750268,2.3932335800135342e-5,0.0027314471557550696,0.0024041659280453734,2642,"tags=31%, list=16%, signal=26%",58208/231580/16600/72432/223915/64818/16678/68723/17920/22601/20862/74591/81535/13872/50868/406220/19877/18772/73722/171168/16447/12159/93746/17134/109620/17300/74127/268885/22695/20759/16658/54616/105866/17702/15218/170644/22061/20761/16450/20763/16918/21816/114566/109052/14284/16661/232174/16679/71913/207920/11688/13393/72383/71529/56735/97031/235505/226519/66195/11994/14027/66705/224796/667663/332131
GO:0042060,wound healing,351,-0.3297662012326307,-1.611002426962885,2.4566474304653456e-5,0.0027519000568305327,0.002422168168283376,2829,"tags=26%, list=18%, signal=22%",107351/11747/14775/19041/246707/16420/241639/12361/18793/67064/12772/15200/11905/80748/18787/16419/56745/11465/18129/26365/12628/109254/244152/211673/94175/230103/12306/14230/72461/70945/16687/12258/21824/19015/13866/20496/18792/18750/20278/14083/217847/15368/14127/19124/12490/11848/56193/12845/16402/21857/12476/208092/94245/12825/23972/66700/18015/12304/231532/18988/74769/11689/12496/12633/18479/56644/18024/19128/14726/12575/74012/12767/109246/19219/12831/56744/12491/22433/11816/17381/20344/12527/16456/16000/74145/20720/268373/208936/16952/100503895/67916/16412
GO:0001952,regulation of cell-matrix adhesion,119,-0.4387245475152095,-1.8853369166834324,2.5506118120612358e-5,0.0028052092456651665,0.0024690898651494224,2891,"tags=38%, list=18%, signal=31%",108911/83436/19262/241639/12361/225631/23991/12554/18787/12571/67811/11465/18708/94175/58859/16449/226352/20349/19229/110829/18792/14083/14758/18606/105352/56637/19247/72349/17387/18015/74769/18829/192119/16202/50706/21838/64930/12491/12631/230379/19353/18552/17381/77569/11815
GO:0001935,endothelial cell proliferation,145,-0.40807595820156795,-1.8153693762393517,2.855981448033481e-5,0.003084969960563308,0.002715329730104013,2800,"tags=34%, list=17%, signal=29%",21812/14344/20683/18053/11819/18570/93759/50501/11727/12554/12837/16476/11731/56221/12168/228852/78757/101540/13601/240725/14609/18750/18607/18803/69745/15368/13722/24136/12490/14182/18158/16401/17387/14254/18015/68833/74769/11689/192119/13383/11651/14178/15370/16889/22433/15530/11816/16000/66214/20692
GO:0043254,regulation of protein-containing complex assembly,393,-0.3189155205057528,-1.5779504198530077,2.908833185456083e-5,0.0030869354278638328,0.002717059695667012,2829,"tags=27%, list=18%, signal=23%",107351/17295/20741/232944/50907/241639/18481/100732/100038882/12122/11622/19106/22042/328572/381280/215449/12363/22059/14086/108155/93677/20742/19684/30949/231637/227648/75739/211673/94175/12333/56221/11845/17698/78757/70796/55985/79554/12562/19305/17974/19229/56742/64143/23897/14544/26419/622675/14248/74192/66148/101706/13685/11518/11848/56193/56424/20682/11797/22218/73910/56637/19247/277360/66824/18643/78808/54324/666048/20259/107817/245857/14159/18829/18479/15081/56644/11303/27050/17755/13383/19241/12125/76441/14828/17874/19219/50876/72948/12491/216742/76709/19240/12631/22334/19353/54631/104445/11816/18552/13854/20344/20224/16564/13717/17392/16854
GO:0051493,regulation of cytoskeleton organization,482,-0.30487943464224776,-1.534748384958364,2.9850631463582904e-5,0.00311321499522781,0.0027401904526824384,3662,"tags=32%, list=23%, signal=26%",192197/54141/54126/70420/56320/215351/56419/21916/75608/18846/93897/11603/104252/21808/66616/224105/18761/100088/219103/20479/11789/12345/192176/69524/20194/78798/13614/30948/21333/22411/12569/19720/107351/17295/80986/21812/20741/18481/100732/234854/66679/56212/20947/63873/67064/18637/23991/328572/100502766/100310872/225523/14086/11465/18008/13609/13367/93677/29819/67300/20742/19684/231637/170758/170731/20301/18708/74187/211673/94175/12333/20401/56221/434204/11845/21872/20877/118449/78757/230972/211401/12562/21648/17974/102693/13424/19229/56742/100040531/329795/23897/14544/14609/26419/14248/74192/14758/329165/101706/28240/17760/11518/13605/11848/56193/12752/56275/104027/18484/73910/50850/56637/16423/277360/66824/18643/54324/208092/66700/52004/20259/245857/14159/18829/18479/27050/17755/13383/65970/19241/21335/213556/16202/12978/76441/108686/14745/19219/14191/70497/50876/64930/72948/76709/19240/12631/78321/19353/54631/104445/69871/16456/16564/13717/66214/74392/77569
GO:0019646,aerobic electron transport chain,53,-0.5431669620719332,-2.0085817754248234,3.427715095818265e-5,0.0034747443257146953,0.0030584014407714073,1903,"tags=58%, list=12%, signal=52%",66416/225887/67273/22272/66072/12866/72900/67530/67914/12862/66383/67680/66142/230125/13063/66148/68349/12868/12064/66925/66152/66694/12861/22273/227197/12867/12859/75406/66218/67264/13382
GO:1902903,regulation of supramolecular fiber organization,352,-0.32349494133151535,-1.5801610434768374,3.446597115934563e-5,0.0034747443257146953,0.0030584014407714073,2961,"tags=29%, list=18%, signal=24%",69524/20194/78798/13614/30948/21333/22411/19720/107351/17295/80986/21812/20741/18481/100732/20947/63873/18637/23991/328572/22327/11465/13609/93677/20742/19684/231637/170731/18708/74187/211673/12333/20401/58859/56221/19164/434204/11845/21872/20877/118449/78757/211401/12562/17974/19229/56742/23897/14544/14609/67199/26419/14248/74192/329165/101706/11518/11848/56193/104027/73910/50850/16423/277360/66824/18643/54324/11820/20259/245857/14159/18829/18479/27050/17755/13383/65970/19241/213556/76441/108686/14745/19219/50876/64930/76709/56612/19240/12631/78321/19353/54631/104445/15530/11816/16456/16564/13717/12833/66214/74392/77569
GO:1990748,cellular detoxification,89,-0.4628308751118757,-1.8980980227682849,3.664736173905106e-5,0.003634096576385571,0.003198660149717347,3537,"tags=40%, list=22%, signal=32%",21672/11668/14780/71361/14768/14775/26358/14776/14782/26462/12870/211666/52700/14867/140742/14866/22166/18104/625249/11758/20655/23876/17252/14873/58810/53381/18024/217371/18712/12491/13885/66447/18477/11816/11532/14778
GO:0051495,positive regulation of cytoskeleton organization,180,-0.3773928266578501,-1.71282395135362,3.909341393606942e-5,0.0038141300145045796,0.003357122032065181,3332,"tags=36%, list=21%, signal=28%",104252/66616/18761/219103/20479/11789/192176/20194/13614/30948/21333/22411/19720/17295/21812/20947/63873/18637/328572/225523/18008/93677/74187/56221/434204/11845/20877/118449/78757/211401/17974/13424/19229/56742/14544/26419/329165/101706/11848/56193/104027/50850/16423/66824/18643/54324/20259/14159/18829/18479/27050/17755/13383/108686/14745/64930/76709/12631/19353/54631/104445/69871/66214/77569
GO:0002504,antigen processing and presentation of peptide or polysaccharide antigen via MHC class II,22,-0.7020227543743931,-2.109342813254416,4.115621367515944e-5,0.003951649786048245,0.0034781642233743773,1654,"tags=50%, list=10%, signal=45%",14969/14999/19141/14127/66824/12010/13040/15000/14960/16149/14961
GO:0071806,protein transmembrane transport,66,-0.5201044302540919,-2.017084694090139,4.192956094918831e-5,0.003962998659088127,0.003488153277647936,3262,"tags=44%, list=20%, signal=35%",55978/224824/68581/67067/74741/67952/66169/20335/66212/56273/71382/18633/19305/53600/67713/18634/66148/21854/140740/94245/20167/28185/11303/72129/21856/14828/21855/13618/66449
GO:0060348,bone development,206,-0.35730762126275717,-1.647962861698258,4.925297480135428e-5,0.004583557608821416,0.004034357029072874,2889,"tags=32%, list=18%, signal=27%",21813/17936/228790/20379/71982/269941/16420/213948/21418/14118/63873/22059/18129/12628/230103/12168/12306/13601/16948/245860/108655/11474/12095/240725/72043/14609/56788/52076/22177/18634/11848/20682/74511/12845/69480/23876/54635/20148/17387/20340/12825/23972/16974/230709/329278/18295/16847/12111/18605/102866/19227/76775/19219/16889/14183/12393/19401/12406/12842/17684/15530/231633/16000/19035/12833/20692
GO:0022900,electron transport chain,99,-0.4540457794021217,-1.8854034114691207,5.37808297390933e-5,0.004855525956593662,0.004273738206132505,2795,"tags=51%, list=17%, signal=42%",14571/66414/12534/66416/225887/14719/67273/22272/66072/12866/71361/72900/67530/93757/12122/56428/78330/67914/66495/17993/12862/66383/56857/17448/67680/66142/230125/13063/14148/66148/68349/68202/12868/12064/66925/66152/66694/50799/268697/12861/22273/110826/227197/12867/12859/75406/110842/66218/67264/13382
GO:0032963,collagen metabolic process,110,-0.4312115813753492,-1.824836581104434,5.3726586225639037e-5,0.004855525956593662,0.004273738206132505,1768,"tags=31%, list=11%, signal=28%",74155/328572/80748/18787/14633/210530/109905/17385/216869/19015/216725/13030/13110/17384/17387/13039/192119/52377/13010/57264/13040/17390/16398/12831/12406/13038/12842/12843/17381/22352/12833/66214/17392/16412
GO:0009117,nucleotide metabolic process,399,-0.3114663304602514,-1.5380875934193492,5.714285478928826e-5,0.005083193067947128,0.004474126308424458,2397,"tags=24%, list=15%, signal=21%",328572/56428/227731/66401/17869/22059/108155/78330/66495/110119/17993/78373/228368/22228/12628/11512/71207/12015/18648/230103/74143/19164/67880/68342/432530/331623/56857/66725/54405/11717/11474/66377/107029/18104/17991/17448/56749/67680/14544/107569/56312/66588/14148/68349/23917/229363/11676/98660/67184/11848/68202/15937/76974/20135/67054/12298/18158/56520/11820/21428/23972/66925/98496/66592/55936/11966/50799/14635/108099/67130/14923/18605/67414/210808/19384/14904/66437/16889/12257/22171/69875/227197/104130/595136/68194/66091/75406/66218/16000/17425/12833/54403/67264/66046
GO:0007229,integrin-mediated signaling pathway,92,-0.4409392494151602,-1.8145165477372438,5.960322425252059e-5,0.005225215992804305,0.004599132086487401,3138,"tags=45%, list=20%, signal=36%",192176/192897/16150/108911/13132/19262/16420/241639/100038882/16419/16408/16414/18073/53618/16403/19229/225341/26419/110829/22177/14083/57257/14127/11848/56193/14389/16402/21857/19247/16401/12825/16400/16773/16202/16398/14191/21838/12512/18552/67916/16412
GO:0002478,antigen processing and presentation of exogenous peptide antigen,28,-0.6439167371510696,-2.0754403369030356,6.346748044178027e-5,0.00541330799432818,0.004764686957446108,1926,"tags=61%, list=12%, signal=54%",14130/65972/98682/15040/26888/14969/14999/19141/14127/17476/12010/13040/15000/14960/16149/14961/14131
GO:0045109,intermediate filament organization,57,0.5067589623388873,1.9347212684655448,6.368157966032736e-5,0.00541330799432818,0.004764686957446108,2298,"tags=44%, list=14%, signal=38%",223915/64818/16678/99681/94179/67451/406220/18772/320864/109620/74127/70810/70843/105866/16671/15463/114566/109052/16661/16679/16675/16660/23950/56735/16672
GO:0001501,skeletal system development,464,-0.3030291485131222,-1.5235909015081974,6.443348910425342e-5,0.00541330799432818,0.004764686957446108,2923,"tags=27%, list=18%, signal=23%",13614/231162/22411/21813/17936/15211/228790/21812/20379/20683/21384/71982/269941/16420/12394/213948/21418/240396/15587/74155/14118/63873/80707/328572/17283/17869/12399/216616/22059/414758/18129/14633/12628/215418/230103/19164/15427/12168/12306/14119/13601/16948/245860/108655/11474/66226/20378/12095/240725/72043/14609/56788/21386/52076/98711/22177/18750/18634/106947/12577/18027/12814/11848/20682/22771/74511/12845/21857/69480/69890/19247/23876/14182/54635/140858/20148/17387/20340/12825/23972/16974/230709/20259/329278/14180/18295/30953/13345/192119/229534/17131/13383/16847/12111/18605/12387/30791/17390/102866/19227/76775/19219/14191/16889/13003/14183/22171/12393/12832/18933/19401/12406/13038/12842/12843/17684/15530/231633/18552/16000/19035/12833/11432/20692/16854/20319
GO:2000377,regulation of reactive oxygen species metabolic process,147,-0.3887791962338164,-1.735441005265898,7.547611423647565e-5,0.006254178287896455,0.005504804409633654,3157,"tags=35%, list=20%, signal=28%",12944/319801/73389/67067/12189/21813/11793/18053/21418/93759/236900/12408/70556/13649/14235/22059/108155/14870/14360/170731/16414/11606/67880/66725/72461/19229/18792/22333/22177/20655/11848/11797/15937/23876/11820/98496/11689/12633/56644/18024/11651/12575/19219/14825/12257/11843/12491/26874/13078/213696/17392
GO:0019884,antigen processing and presentation of exogenous antigen,35,-0.6013928059135556,-2.0671271797004485,7.909152377734121e-5,0.006465197666609959,0.005690539505914536,2479,"tags=46%, list=15%, signal=39%",15040/19188/26888/14969/14999/19186/19141/14127/17476/12010/13040/15000/14960/16149/14961/14131
GO:0014909,smooth muscle cell migration,111,-0.4263658100651501,-1.7991901377437567,8.122102879729697e-5,0.006477637613210643,0.0057014889016226145,2362,"tags=33%, list=15%, signal=29%",238130/17869/18787/14870/414758/16011/231637/11421/11606/18124/14107/234593/19015/18792/14083/11848/54601/19246/16401/18015/14180/18479/18024/57264/14869/19241/16202/18605/14745/50706/16398/19219/76709/22433/18552/13078/16000
GO:1902905,positive regulation of supramolecular fiber organization,169,-0.3827310256366433,-1.7186300252596882,8.138542876574788e-5,0.006477637613210643,0.0057014889016226145,3406,"tags=36%, list=21%, signal=28%",104252/66616/18761/11789/192176/20194/13614/30948/21333/22411/19720/17295/21812/20947/63873/328572/93677/74187/58859/56221/19164/434204/11845/20877/118449/78757/211401/17974/19229/56742/14544/26419/329165/101706/11848/56193/104027/50850/16423/66824/18643/54324/11820/20259/14159/18829/18479/27050/17755/13383/108686/14745/64930/76709/12631/19353/54631/104445/66214/77569
GO:0097237,cellular response to toxic substance,100,-0.44471820312544147,-1.8456856691181465,8.558591017788368e-5,0.00669393141239876,0.005891866438804662,2804,"tags=33%, list=18%, signal=27%",14775/26358/14776/14782/26462/11622/12870/211666/52700/14867/140742/14866/22166/18104/625249/11758/20655/23876/17252/14873/58810/53381/18024/217371/18712/12491/13885/66447/18477/11816/13078/11532/14778
GO:0006164,purine nucleotide biosynthetic process,141,-0.39972350604642953,-1.7654433486831114,8.631619278675868e-5,0.00669393141239876,0.005891866438804662,2795,"tags=32%, list=17%, signal=27%",72900/18160/67763/231327/108156/66401/17869/78330/66495/17993/11512/230103/68342/432530/54405/11717/66377/17991/67680/68349/23917/229363/67184/68202/67054/18158/56520/23972/66925/98496/66592/50799/67130/14923/16889/69875/227197/104130/595136/68194/66091/75406/66218/67264/66046
GO:2001233,regulation of apoptotic signaling pathway,384,-0.30827907363666074,-1.5245066050537353,9.268613253705776e-5,0.007096941971096993,0.006246588386041815,3556,"tags=34%, list=22%, signal=27%",51800/22038/21672/15251/17188/15234/110157/20315/216805/21808/224105/19045/382985/83925/66262/66461/52538/29813/21929/54711/12370/20439/16323/67379/12211/12189/74126/94275/14775/21812/18053/13132/12235/15587/93759/12122/18793/21343/66494/80707/68015/73699/56428/69076/56321/17869/18787/12399/22393/22059/12421/74919/14870/83946/79263/73181/13143/14360/170731/21944/12015/11606/74143/19164/16403/72287/108705/18413/66725/72567/15387/17974/216869/68845/19125/16818/19099/27061/56312/12050/26419/20655/12537/68349/15368/67184/17319/15937/56637/19246/66824/14182/12064/11820/18015/20115/66143/433256/74769/11477/13039/269344/12633/18024/27050/14869/13040/15201/12125/11651/12387/17390/26943/66437/66449/56208/53610/23938/22334/13038/22433/16149/14362/16000/19941/15502/268373/11740/64294/16854/22187/20319
GO:0072594,establishment of protein localization to organelle,407,-0.3072603259480223,-1.5224614229644768,9.773770424144792e-5,0.007390192161956481,0.006504701421753206,2757,"tags=28%, list=17%, signal=24%",11632/17155/75788/241639/67145/58194/67952/15587/93757/66169/12122/217337/20335/17113/56535/328572/76976/56428/66233/22059/104831/83946/66069/66212/56338/18021/170731/56273/214585/18708/11606/11600/19164/71382/22687/27643/76687/18633/226432/17472/74504/20174/108705/66725/432486/66624/19305/214854/18767/223513/53600/14545/20818/27061/12461/66541/622675/67713/56794/18634/12034/66148/21854/13605/67184/170762/22771/22218/270096/67437/12469/140740/76582/18015/19349/66629/69934/14180/68653/28185/16543/20813/72129/17999/16783/30058/21856/11651/12575/66384/14828/75751/18035/19058/110379/74257/19384/66437/21855/75734/66449/12257/218544/56208/245474/12491/12631/22433/18769/16211/17381/69019/15502/21454/11815
GO:0032956,regulation of actin cytoskeleton organization,321,-0.3189168943902694,-1.5399259526415578,9.986824386536434e-5,0.007458061816562826,0.006564438953489447,2923,"tags=28%, list=18%, signal=23%",13614/30948/21333/22411/12569/19720/107351/17295/21812/20741/18481/234854/56212/20947/328572/14086/11465/13609/93677/29819/20742/19684/231637/170758/170731/20301/18708/211673/94175/12333/20401/56221/434204/11845/21872/118449/78757/230972/211401/17974/19229/23897/14609/14248/74192/14758/329165/28240/11518/13605/11848/56193/104027/18484/73910/16423/277360/66824/18643/54324/20259/245857/18829/18479/13383/65970/19241/213556/16202/12978/76441/108686/14745/19219/14191/70497/50876/64930/76709/19240/12631/78321/19353/54631/104445/16456/13717/66214/74392/77569
GO:0045859,regulation of protein kinase activity,428,-0.3056222741705344,-1.522633088724192,1.0274029772152333e-4,0.007578976352652374,0.006670865543972594,2886,"tags=26%, list=18%, signal=22%",12569/94275/17311/67974/19720/320664/11819/100732/11770/15587/19084/93759/52163/74155/19876/14118/22596/13649/23991/11727/17283/80280/14870/23882/66787/18129/26365/235584/11731/11606/11600/22359/19164/109905/319481/118449/66725/16590/216869/68845/18767/19229/56742/64143/19099/26403/13866/66971/17420/55948/18750/14083/20655/12577/18607/329165/24136/13605/11848/105352/12445/217410/17319/72349/19246/66824/14182/54324/208092/69131/54635/12144/94245/11820/66165/16974/14254/18015/56468/66917/73914/18479/27050/108099/14869/67605/13383/19263/76500/11651/12575/12978/108686/74012/14191/18712/21838/14375/74018/83945/64930/72065/18769/11816/11461/16000/19116/15502/66214/24064/268373/19252/20319
GO:0014910,regulation of smooth muscle cell migration,101,-0.4299405814628926,-1.7906424880029987,1.1396562654665273e-4,0.008016024127682585,0.007055546377882124,2362,"tags=34%, list=15%, signal=29%",238130/17869/18787/14870/16011/231637/11421/11606/18124/14107/234593/19015/18792/14083/11848/54601/19246/18015/14180/18479/18024/57264/14869/19241/16202/14745/50706/16398/19219/76709/22433/18552/13078/16000
GO:0018108,peptidyl-tyrosine phosphorylation,258,-0.33366753484934636,-1.5798697343590955,1.1312384051767011e-4,0.008016024127682585,0.007055546377882124,2273,"tags=23%, list=14%, signal=20%",216616/22059/21802/14360/101490/16414/94175/19258/11606/11600/19164/18413/78757/11839/16590/216869/19229/16818/23897/13866/18750/14083/329165/18606/380705/105352/17319/16402/19247/19246/14182/208092/54635/11820/14254/68833/56468/11477/14159/56644/12750/14178/12978/74012/547253/109246/19219/14191/14183/18983/12491/93672/72065/16149/16000/19116/56620/67916/16412/20319
GO:0006935,chemotaxis,395,-0.3056515306663586,-1.5087737077412526,1.1156176613850524e-4,0.008016024127682585,0.007055546377882124,3583,"tags=33%, list=22%, signal=26%",170756/18595/66166/21828/18846/11603/109700/15234/58217/18720/140579/20315/98365/21808/330122/18761/74748/71785/12261/108151/107515/17925/76527/18438/16841/244332/11601/67759/13614/12267/94176/17295/21983/20210/20302/20343/75458/56212/19876/20947/50501/63873/12772/13642/15200/238130/12554/18787/68667/14870/13609/20353/13143/170758/20301/16414/68119/94175/11600/56221/12168/211064/20306/19354/230972/101540/55985/16948/71660/16590/216869/20349/19229/101502/19141/20496/18750/16803/14083/57257/20297/11487/14127/243743/28240/18606/380705/11848/53357/17319/100039672/72349/277360/20305/14182/54324/102545/17965/11820/14254/17524/20346/11689/14159/18829/14869/14178/12978/15370/20311/17390/27226/12767/14745/16398/13618/14825/14205/252837/56744/20085/19353/16149/19035/16564/268373/16952/14131/19252/16854
GO:0042330,taxis,395,-0.3056515306663586,-1.5087737077412526,1.1156176613850524e-4,0.008016024127682585,0.007055546377882124,3583,"tags=33%, list=22%, signal=26%",170756/18595/66166/21828/18846/11603/109700/15234/58217/18720/140579/20315/98365/21808/330122/18761/74748/71785/12261/108151/107515/17925/76527/18438/16841/244332/11601/67759/13614/12267/94176/17295/21983/20210/20302/20343/75458/56212/19876/20947/50501/63873/12772/13642/15200/238130/12554/18787/68667/14870/13609/20353/13143/170758/20301/16414/68119/94175/11600/56221/12168/211064/20306/19354/230972/101540/55985/16948/71660/16590/216869/20349/19229/101502/19141/20496/18750/16803/14083/57257/20297/11487/14127/243743/28240/18606/380705/11848/53357/17319/100039672/72349/277360/20305/14182/54324/102545/17965/11820/14254/17524/20346/11689/14159/18829/14869/14178/12978/15370/20311/17390/27226/12767/14745/16398/13618/14825/14205/252837/56744/20085/19353/16149/19035/16564/268373/16952/14131/19252/16854
GO:0072522,purine-containing compound biosynthetic process,193,-0.3674319298913036,-1.6812325317310324,1.2046186993063088e-4,0.008375561508165359,0.0073720040908545805,2795,"tags=33%, list=17%, signal=27%",230899/69802/78914/110446/66902/74450/72900/18160/67763/104112/231327/236900/108156/66401/17869/78330/66495/17993/60525/11512/230103/68342/270076/432530/54405/11717/66377/17991/67680/22333/68349/23917/229363/67184/68202/55951/67054/18158/56520/23972/66925/98496/433256/66592/50799/67130/14923/50790/68263/16889/69875/227197/104130/595136/68194/66091/75406/68801/66218/70456/67264/13382/66046
GO:0033002,muscle cell proliferation,246,-0.345279136713456,-1.6206689889453583,0.00013132597027760284,0.009027168116013859,0.00794553537875736,3354,"tags=35%, list=21%, signal=28%",21808/21388/71785/26416/11789/266632/14739/21929/15902/13614/12267/21813/67367/21812/18160/100017/19084/13982/93759/18392/67955/22596/13649/11727/15200/12554/17869/67811/12846/22059/14870/13609/16011/170731/16476/18708/11731/11606/11600/58859/18124/12168/108655/240725/234593/19015/14609/14281/12797/17420/18750/14083/15368/11848/56637/14182/18158/100041286/14254/18015/14180/18295/14159/12633/18479/57264/14869/268697/11651/16202/12575/18605/20841/12387/17390/17874/16398/18712/14375/14183/54598/22433/17684/11816/15446/16000/11815
GO:0030832,regulation of actin filament length,147,-0.38120490492543047,-1.7016307195054001,1.3763318507929324e-4,0.009250479294940498,0.008142089475217138,2120,"tags=27%, list=13%, signal=23%",93677/20742/19684/231637/211673/12333/20401/56221/11845/78757/17974/19229/23897/14248/74192/11518/11848/56193/73910/277360/66824/18643/20259/245857/18829/13383/65970/19241/213556/76441/50876/76709/19240/12631/19353/54631/104445/13717/74392
GO:1901293,nucleoside phosphate biosynthetic process,243,-0.3403783263263663,-1.5953942896011104,1.3753022150483815e-4,0.009250479294940498,0.008142089475217138,2795,"tags=28%, list=17%, signal=23%",72900/18160/67763/104112/231327/236900/108156/14583/66401/17869/78330/67883/66495/110119/17993/228368/60525/14584/11512/230103/68342/270076/432530/54405/11717/66377/17991/56749/67680/22333/66588/227620/68349/23917/229363/67184/68202/55951/20135/67054/18158/56520/23972/66925/98496/433256/66592/55936/50799/67130/14923/50790/68263/16889/22171/69875/227197/104130/595136/68194/66091/75406/68801/66218/70456/67264/13382/66046
GO:0030216,keratinocyte differentiation,148,0.3767311377620284,1.7043213393276764,1.4178870508323358e-4,0.009322607359222608,0.008205575175183015,2732,"tags=34%, list=17%, signal=28%",58208/231580/223915/64818/16678/68723/22601/20862/74591/81535/406220/19877/18772/73722/171168/16447/93746/109620/17300/74127/268885/22695/20759/16658/54616/105866/17702/15218/170644/22061/20761/20763/21816/114566/109052/14284/16661/232174/16679/71913/11688/72383/71529/56735/235505/66195/14027/66705/332131/68484
GO:0050678,regulation of epithelial cell proliferation,371,-0.302060571789053,-1.4867384498969853,1.4090955452343397e-4,0.009322607359222608,0.008205575175183015,2804,"tags=27%, list=18%, signal=23%",14775/21812/14344/20683/18053/76365/11819/13132/18570/12361/13982/93759/12122/74155/19876/13642/13649/11727/17283/12554/17869/12399/12571/83946/21802/18129/26365/14633/16476/11731/12567/12015/56221/18124/66333/228852/71920/78757/16449/101540/211401/13601/108655/240725/19015/19272/13866/72043/225341/14609/56312/55948/110829/18792/18750/12577/12034/18607/18803/69745/15368/13722/20682/21821/14182/14645/18158/16401/12192/16974/14254/18015/68833/12010/14180/66117/338521/11689/13039/114142/13345/192119/12633/13383/11651/14178/15370/12387/13618/14183/12393/23938/22433/15530/75745/11816/17381/16000/66214/20692/20319
GO:0051604,protein maturation,493,-0.29375630015909177,-1.4805377871713516,1.437325409407232e-4,0.009348797205918653,0.00822862696183563,3150,"tags=30%, list=20%, signal=25%",50528/192176/50765/67556/211286/19298/15512/20194/16150/12370/67759/20615/70495/11537/14229/27392/66053/243853/11632/13024/74316/71718/93757/75841/18793/66286/68015/18637/66120/328572/76976/22327/214523/17869/103743/18787/12363/22027/108155/105245/72599/66340/329777/17872/217149/11421/12015/12333/18749/19164/22687/23821/69048/76687/12306/23983/14230/244666/66725/268390/72461/66624/56748/67838/67008/53600/14999/72429/242557/57816/230857/67199/19141/12461/66541/13481/217012/18792/30933/11487/216725/21854/52588/56424/12752/12845/21821/56693/12469/93721/69540/66824/18158/238831/226548/17387/67618/20340/53381/230709/68833/12876/12010/110350/12304/545055/66917/66592/66162/13039/56351/66897/55988/330817/13040/18550/19038/15000/14828/64138/74257/19227/233744/16330/83945/64930/56529/68318/56612/12406/12368/30926/107373/16149/67292/14272/18552/78928/63958/69019/19035/74145/15502/20720/72726/268373/21454/17228
GO:0150115,cell-substrate junction organization,102,-0.4328182673752419,-1.8088488989711877,1.4841429373228029e-4,0.00945008487143751,0.008317778367843476,2242,"tags=31%, list=14%, signal=27%",67811/11465/18708/94175/434204/11845/226352/11474/19229/20411/19272/110829/14083/18607/14758/18606/105352/16402/19247/72349/12821/17387/12552/16398/21838/64930/12631/19353/16774/77569/109711/11815
GO:0072521,purine-containing compound metabolic process,476,-0.29370186871043513,-1.4769263703550284,1.4813661467114782e-4,0.00945008487143751,0.008317778367843476,2397,"tags=22%, list=15%, signal=19%",328572/56428/227731/66401/17869/22059/26357/108155/78330/66495/110119/17993/78373/56720/60525/22228/12628/11512/71207/12015/18648/230103/17766/74143/19164/67880/68342/270076/432530/331623/56857/66725/54405/11717/11474/66377/107029/18104/17991/17448/67420/67680/14544/107569/56312/66198/22333/14148/68349/23917/229363/11676/98660/67184/11848/68202/15937/55951/76974/67054/12298/18158/15356/56520/11820/21428/23972/66925/98496/433256/66592/11966/50799/14635/108099/67130/14923/20916/18605/50790/67414/210808/68263/19384/14904/66437/16889/12257/69875/227197/104130/595136/68194/66091/75406/68801/66218/16000/17425/70456/12833/54403/67264/13382/66046
GO:0050673,epithelial cell proliferation,448,-0.2968312078012022,-1.4850723156708405,1.6385441674552964e-4,0.010324535071809466,0.009087452191873782,2804,"tags=27%, list=18%, signal=23%",14775/21812/14344/20683/18053/76365/11819/13132/241639/18570/12361/13982/93759/12122/74155/19876/50501/13642/13649/11727/192292/17283/12554/17869/80748/12399/12571/83946/12837/21802/18129/26365/16011/14633/16476/11731/12567/12015/56221/229600/19164/18124/12168/66333/228852/71920/78757/16449/101540/211401/13601/11839/12608/108655/16590/240725/19015/19272/13866/72043/225341/14609/56312/12050/55948/110829/18792/18750/12577/12034/18607/18803/69745/15368/13722/24136/12490/20682/21821/14182/14645/20852/18158/16401/12192/17387/16974/14254/18015/68833/12010/14180/66117/338521/74769/14160/11689/13039/114142/13345/192119/12633/13383/11651/12575/14178/15370/12387/13618/16889/14183/12393/23938/22433/15530/75745/11816/17381/16000/66214/20692/20319
GO:0007528,neuromuscular junction development,61,-0.4883760101582191,-1.863507219509084,1.6717092828811094e-4,0.010424916960977146,0.009175806351397343,1993,"tags=36%, list=12%, signal=32%",214585/67533/66725/12826/231602/223254/20411/13866/104156/56637/12298/11820/18479/17999/13542/74018/83945/14183/19353/21923/14272/67830
GO:0110053,regulation of actin filament organization,245,-0.3426312864748304,-1.606609002548585,1.6917122003068215e-4,0.010442007244546902,0.009190848882010636,2213,"tags=24%, list=14%, signal=21%",11465/13609/93677/20742/19684/231637/18708/211673/12333/20401/56221/434204/11845/21872/118449/78757/211401/17974/19229/23897/14609/14248/74192/329165/11518/11848/56193/104027/73910/16423/277360/66824/18643/54324/20259/245857/18829/18479/13383/65970/19241/213556/76441/108686/14745/19219/50876/64930/76709/19240/12631/19353/54631/104445/16456/13717/66214/74392/77569
GO:0008064,regulation of actin polymerization or depolymerization,145,-0.3867088230097821,-1.7203153988963045,1.7662754909480383e-4,0.010792121661358267,0.009499012688160743,2120,"tags=27%, list=13%, signal=24%",93677/20742/19684/231637/211673/12333/20401/56221/11845/78757/17974/19229/23897/14248/74192/11518/11848/56193/73910/277360/66824/18643/20259/245857/18829/13383/65970/19241/213556/76441/50876/76709/19240/12631/19353/54631/104445/13717/74392
GO:0007044,cell-substrate junction assembly,95,-0.432385334835871,-1.7845240422165098,1.857497994166282e-4,0.011168567900372512,0.009830353245005119,2242,"tags=32%, list=14%, signal=27%",67811/11465/94175/434204/226352/11474/19229/20411/19272/110829/14083/18607/14758/18606/105352/16402/19247/72349/12821/17387/12552/16398/21838/64930/12631/19353/16774/77569/109711/11815
GO:0032271,regulation of protein polymerization,182,-0.3610881511709979,-1.6412921217386276,1.8648129574105201e-4,0.011168567900372512,0.009830353245005119,2120,"tags=25%, list=13%, signal=22%",93677/20742/19684/231637/211673/12333/56221/11845/78757/12562/17974/19229/56742/23897/14544/26419/14248/74192/101706/11518/11848/73910/277360/66824/18643/20259/245857/14159/18829/18479/27050/17755/13383/19241/76441/50876/72948/76709/19240/12631/22334/19353/54631/104445/16564/13717
GO:0032700,negative regulation of interleukin-17 production,17,0.7132854736541745,2.048391042741951,1.967354181330051e-4,0.011553908196956775,0.010169522175950331,934,"tags=29%, list=6%, signal=28%",19122/80385/70790/74048/24088
GO:0001936,regulation of endothelial cell proliferation,122,-0.40119212327752835,-1.727320409172933,1.9651651476562952e-4,0.011553908196956775,0.010169522175950331,3844,"tags=40%, list=24%, signal=31%",20293/64103/11846/11491/21828/56426/20315/11789/105450/18176/21812/14344/20683/18053/11819/18570/93759/11727/12554/16476/11731/56221/228852/78757/101540/13601/240725/14609/18750/18607/18803/69745/15368/13722/14182/16401/14254/18015/68833/11689/192119/11651/14178/15370/15530/11816/16000/66214/20692
GO:0030150,protein import into mitochondrial matrix,18,-0.7027421598812835,-2.008887853016617,2.0600090254389348e-4,0.011981725572000113,0.010546078593795681,2918,"tags=61%, list=18%, signal=50%",67067/67952/66169/53600/67713/66148/21854/28185/21856/21855/66449
GO:0006469,negative regulation of protein kinase activity,161,-0.3687423110728879,-1.6502503567832145,2.186269718590054e-4,0.012594995740715464,0.011085866903888218,2637,"tags=29%, list=16%, signal=25%",11770/15587/19084/93759/74155/17283/80280/14870/23882/66787/26365/235584/11606/19164/18767/19099/66971/18750/12577/18607/105352/72349/19246/66824/208092/94245/16974/18015/56468/66917/73914/108099/14869/67605/19263/11651/12575/21838/83945/18769/11816/11461/15502/24064/268373/19252/20319
GO:0045104,intermediate filament cytoskeleton organization,77,0.44873078381154324,1.8419051759493767,2.3097070891285026e-4,0.012817814845998452,0.01128198788682952,2832,"tags=42%, list=18%, signal=34%",245944/223915/64818/16678/99681/94179/67451/406220/18772/320864/109620/74127/70810/70843/105866/16671/15463/93687/114566/109052/16661/16679/16675/16660/23950/56735/16672/11909/14027/332131/233335/83431
GO:0010811,positive regulation of cell-substrate adhesion,127,-0.39562130661755796,-1.721641169221208,2.2898153513029198e-4,0.012817814845998452,0.01128198788682952,2865,"tags=35%, list=18%, signal=29%",83436/320664/13132/64075/241639/110253/23991/12554/12571/67811/12837/170758/18073/94175/58859/16403/226352/19229/16728/225341/110829/30963/18606/16402/56637/19247/277360/67896/18829/192119/16400/20163/16202/268780/21838/64930/14115/12491/76709/12631/19353/18552/56348/16412
GO:0045765,regulation of angiogenesis,267,-0.3270461130609437,-1.5564271787577106,2.2980225747842926e-4,0.012817814845998452,0.01128198788682952,2110,"tags=28%, list=13%, signal=24%",11601/18176/12267/12189/21813/12509/20683/18053/246707/12394/12741/18570/93759/12772/18787/26365/242705/14360/17872/16414/94175/11606/56221/21872/228852/11745/101540/13601/12562/20349/19229/240725/18751/20496/230775/18750/18607/18803/15368/142980/21413/12827/11518/12490/16402/54601/69219/23876/14645/14254/18015/68833/329278/74769/11689/18024/11489/12387/23871/12767/56744/12491/22433/13854/13078/13058/66214/24064/20692/16854/16412/13179/20319/17228
GO:0032535,regulation of cellular component size,354,-0.309741934724276,-1.5119439946190278,2.265676556576125e-4,0.012817814845998452,0.01128198788682952,2220,"tags=23%, list=14%, signal=20%",12421/108155/73689/93677/20742/19684/231637/17872/12904/170731/20466/12567/211673/12333/20401/319740/75620/56221/11845/12168/17698/66333/78757/29869/17974/12729/19229/16728/23897/20496/14248/57257/74192/243743/11518/74610/11848/56193/67891/12752/73910/56637/277360/244058/66824/18643/66439/12064/213084/22325/66700/14533/20259/245857/20346/18829/18479/67605/17755/13383/65970/19241/11651/213556/16202/76441/14025/50876/74018/64930/76709/19240/12631/241296/19353/54631/104445/11816/56177/13717/12833/74392
GO:0007005,mitochondrion organization,429,-0.2980280177915677,-1.482690051657427,2.3799770181796392e-4,0.013087709984516943,0.011519544265983365,3556,"tags=34%, list=22%, signal=27%",51800/234847/67273/70383/106025/69089/30056/66072/15234/19339/382985/18181/12866/71361/67841/68185/21780/66271/229524/15944/71703/68614/52538/19053/19823/20930/18715/26889/13614/74450/67067/14775/237781/78617/56412/72759/93757/12122/18793/71701/216821/70556/66494/22042/328572/56428/69076/100310872/17827/17869/76824/17840/67811/22059/108155/74919/66495/17993/73689/20878/68927/66980/100503890/22228/12628/170731/75597/66400/71254/16476/12015/74143/68342/381760/20544/66725/54405/21648/19305/27393/216869/66377/235169/17991/56749/100040531/14545/70397/21975/66379/12050/55948/68493/12034/68349/380705/67184/68202/53357/15937/56637/66824/15356/12047/30954/66629/68002/98496/69934/66117/66592/209011/68653/28185/67130/66278/380773/12125/11651/18605/67414/109246/22273/66437/16889/75734/83945/69875/72113/227197/67044/22334/104130/595136/68194/66091/75406/108755/66218/16000/67267/12833/11740/67264/66046/13179
GO:0009612,response to mechanical stimulus,200,-0.34819788653598116,-1.6016175260369157,2.407733439976663e-4,0.013121062683260212,0.011548900653771418,2082,"tags=34%, list=13%, signal=30%",110157/18190/20315/20897/110789/215210/26416/77053/22138/11601/13614/192140/22411/99526/19712/13649/17869/17536/14360/56338/16476/12015/20744/23821/20544/16590/19229/16818/14609/14281/26419/20496/22142/100678/142980/98660/12814/20682/56637/19247/100317/17387/12825/110308/114142/21393/17755/11651/12387/18035/16485/17390/12767/17874/50706/16398/19219/16518/78321/12842/19353/21923/17684/16456/16000/20720/12833
GO:0090066,regulation of anatomical structure size,499,-0.2901248840386461,-1.4672244917492494,2.4828869952504113e-4,0.013409806637740837,0.011803047389075734,2927,"tags=26%, list=18%, signal=22%",26889/13614/20615/30948/11793/107351/228790/14775/18160/20741/75788/18481/93759/71923/11622/20947/239667/13649/328572/238130/67972/12421/68667/108155/73689/12288/93677/20742/19684/231637/17872/11421/12904/170731/11512/20466/12567/211673/11606/12333/20401/319740/75620/56221/12291/11845/12168/17698/66333/78757/29869/66725/17974/12729/19229/71544/16728/19015/23897/230857/14609/20496/14083/14248/57257/20655/74192/227231/243743/98660/11518/74610/11848/56193/67891/53357/12752/12845/73910/56637/277360/244058/66824/18643/66439/12064/18158/213084/16401/22325/66700/14533/20259/245857/20346/11689/18829/18479/67605/17755/13383/65970/19241/11651/213556/16202/76441/17390/14025/13618/50876/74018/74617/64930/76709/19240/12631/241296/19353/54631/104445/11816/56177/13717/12833/74392/74840/16412
GO:0002040,sprouting angiogenesis,123,-0.4008218826159034,-1.7308305339510806,2.6615568568768124e-4,0.014122594234427929,0.012430428976992538,2513,"tags=28%, list=16%, signal=24%",19876/13642/23991/12554/72780/26365/242705/56233/109254/11600/21872/228852/20349/19229/13846/672511/18607/15368/11848/16402/14645/14254/329278/107817/74769/11689/66864/11651/15370/14205/23938/13854/68792/16952/16412
GO:0031667,response to nutrient levels,476,-0.2908285241229843,-1.4624773019478166,2.6403074856448395e-4,0.014122594234427929,0.012430428976992538,2737,"tags=26%, list=17%, signal=22%",269941/72759/13665/69029/18481/68441/93759/22173/14118/19659/63873/19106/22042/53322/17025/13649/75747/328572/227731/11905/17840/12846/22059/108155/14870/77559/16169/22228/12628/11421/16476/140742/232345/116939/19744/12168/209354/232087/319481/78757/74137/29869/66725/223453/56486/12095/18104/64143/14545/18751/19015/67092/16891/14281/252875/26419/66354/20655/66148/227231/100678/17168/13685/24136/76257/54601/71999/54636/19246/14645/18158/20845/21428/16974/13081/227743/13039/18534/14159/20937/57436/18294/394436/18479/11303/18024/108099/219022/17755/15467/11651/11520/12575/18605/14828/110379/50706/16398/18712/71760/16889/12257/13498/16956/22171/64930/56208/216742/19401/13038/22433/12842/101142/21923/20382/11816/13078/20224/17425/13058/12833/20249/76574/20319
GO:0048041,focal adhesion assembly,84,-0.4438324246238528,-1.7922014306104062,2.717643996795895e-4,0.01429480742314641,0.01258200763001706,2242,"tags=32%, list=14%, signal=28%",67811/11465/94175/434204/226352/11474/19229/20411/19272/110829/14083/18607/14758/18606/105352/19247/72349/17387/12552/16398/21838/64930/12631/19353/77569/109711/11815
GO:1901342,regulation of vasculature development,274,-0.33211340624063246,-1.5864479700769947,2.761343322106278e-4,0.014399453237431789,0.012674114812353499,2993,"tags=28%, list=19%, signal=23%",11601/18176/12267/12189/21813/12509/21812/20683/18053/246707/12394/12741/18570/93759/12772/18787/26365/242705/14360/17872/16414/94175/11606/56221/21872/228852/11745/101540/13601/12562/20349/19229/240725/18751/20496/230775/18750/18607/18803/11487/15368/142980/21413/12827/11518/12490/16402/54601/69219/23876/14645/14254/18015/68833/329278/74769/11689/18024/11489/12387/23871/12767/19219/56744/12491/22433/13854/13078/13058/66214/24064/20692/16854/16412/13179/20319/17228
GO:0007584,response to nutrient,163,-0.36754274219152966,-1.6484300363924194,2.8057532528745493e-4,0.01450598412533175,0.012767881199315764,2542,"tags=29%, list=16%, signal=25%",22173/19659/19106/22042/17025/13649/11905/108155/14870/77559/232345/232087/12095/18104/14545/18751/67092/16891/66354/20845/21428/16974/13081/14159/18294/394436/11303/18024/17755/18605/50706/16398/18712/16889/12257/16956/22171/56208/19401/22433/12842/21923/20382/13078/13058/20249/20319
GO:0043200,response to amino acid,114,-0.40985031757858875,-1.7434704824359324,2.988437140870463e-4,0.015319539207733417,0.013483956341233545,3106,"tags=37%, list=19%, signal=30%",66586/13436/67490/13614/13665/224023/68441/17025/13649/75747/328572/14870/14360/140742/208922/224826/232087/56876/12826/12608/18104/56438/12050/22142/227231/229363/54635/12825/18534/28185/18024/18538/17390/17874/12832/12631/22433/12842/12843/13058/12833/17392
GO:0032640,tumor necrosis factor production,179,-0.35651271931644674,-1.612442169595556,3.066381333065828e-4,0.015587008977911928,0.013719377958997752,2675,"tags=27%, list=17%, signal=23%",20302/15979/93759/74155/15040/12772/14870/73181/12523/18708/11600/26888/19164/66725/108655/216869/67836/14359/22177/16803/142980/14127/17319/56501/19247/16423/66824/13110/56228/11820/67457/73914/13345/192119/56644/14869/12978/17874/19219/27215/12257/16956/107607/12491/19401/67581/16000/13058/14131
GO:0030595,leukocyte chemotaxis,204,-0.3482822543776043,-1.6034346965471515,3.1063527843348425e-4,0.015658606660367884,0.013782396827338275,3635,"tags=36%, list=23%, signal=28%",11491/170756/66166/21828/109700/58217/20315/98365/21808/330122/74748/12261/17925/76527/13614/12267/20302/20343/75458/20947/63873/12772/18787/68667/13609/13143/16414/56221/20306/19354/55985/71660/16590/19229/101502/19141/20496/18750/16803/14083/57257/11487/14127/28240/380705/17319/100039672/277360/20305/54324/17965/11820/14254/17524/11689/18829/12978/20311/17390/27226/13618/14825/14205/56744/20085/19353/16149/19035/268373/16952/14131/19252/16854
GO:0001820,serotonin secretion,14,-0.718570758775491,-1.9021236262200893,3.3843988245751576e-4,0.015894181032293026,0.013989744744470706,1157,"tags=36%, list=7%, signal=33%",14127/214084/22433/14131/16854
GO:0045103,intermediate filament-based process,78,0.44405160874255567,1.8160148043068784,3.28883023506052e-4,0.015894181032293026,0.013989744744470706,2832,"tags=41%, list=18%, signal=34%",245944/223915/64818/16678/99681/94179/67451/406220/18772/320864/109620/74127/70810/70843/105866/16671/15463/93687/114566/109052/16661/16679/16675/16660/23950/56735/16672/11909/14027/332131/233335/83431
GO:0033273,response to vitamin,85,-0.4420178071325367,-1.7943979176991496,3.2392485811648543e-4,0.015894181032293026,0.013989744744470706,2542,"tags=33%, list=16%, signal=28%",22173/19659/19106/17025/13649/14870/12095/14545/18751/66354/16974/13081/14159/18294/11303/17755/18605/50706/16398/18712/16889/12257/22171/56208/19401/12842/21923/20382
GO:0071774,response to fibroblast growth factor,100,-0.4253810108352263,-1.765431750029152,3.372489321306098e-4,0.015894181032293026,0.013989744744470706,2170,"tags=28%, list=14%, signal=24%",72514/12193/230103/20320/101540/55985/240725/72043/227231/19247/19246/14182/20845/16558/12192/14180/68365/14178/18605/15370/12387/50706/14183/12393/12842/21923/24064/16412
GO:0006367,transcription initiation at RNA polymerase II promoter,139,-0.3882974332886581,-1.712599791753805,3.344795538098732e-4,0.015894181032293026,0.013989744744470706,2585,"tags=32%, list=16%, signal=27%",13982/11622/21343/72504/328572/66467/17283/17869/22059/70103/67674/55982/67710/66464/229906/68705/68975/66999/17420/235459/66671/67224/20024/23989/56275/225895/218214/140858/230709/21374/67381/28077/209011/18294/23808/13486/74469/18035/66310/69241/216154/14815/270627/70208
GO:0031334,positive regulation of protein-containing complex assembly,186,-0.35535186976232885,-1.6194281591505155,3.370806010924212e-4,0.015894181032293026,0.013989744744470706,2813,"tags=30%, list=18%, signal=25%",17295/232944/241639/100038882/12122/11622/22042/215449/12363/22059/14086/93677/75739/56221/11845/17698/78757/70796/55985/12562/17974/19229/56742/14544/26419/101706/11848/56193/56424/22218/56637/66824/18643/54324/666048/14159/18829/18479/56644/11303/27050/17755/13383/12125/17874/72948/12491/216742/76709/19353/54631/104445/18552/13854/17392/16854
GO:0071674,mononuclear cell migration,185,-0.35483176795651267,-1.611515372826856,3.389567454398744e-4,0.015894181032293026,0.013989744744470706,3415,"tags=37%, list=21%, signal=30%",19277/20293/18613/18600/11491/170756/66166/58217/20315/98365/74748/71785/12261/17470/17925/76527/18438/12267/20302/75458/63873/12772/18787/16408/68667/13609/109254/17698/20306/13601/55985/71660/19229/101502/19141/20496/14083/20297/11487/28240/380705/11848/17319/100039672/57781/16423/66824/54324/17965/11820/16401/17387/14254/11689/18829/11651/12978/18605/17390/27226/13618/20085/12527/16456/70208/16952/19252/16854/11815
GO:0030336,negative regulation of cell migration,285,-0.32261501845170315,-1.54265009113206,3.1870960995360827e-4,0.015894181032293026,0.013989744744470706,2831,"tags=29%, list=18%, signal=25%",20315/21388/74748/76893/17470/60406/105450/14739/11601/54608/22411/66082/107351/245688/21812/18053/11819/246707/12741/15587/19876/18787/104831/108155/14870/16011/19646/109254/68713/20466/78771/94175/16449/55985/240725/234593/19015/19272/19279/14609/14083/24136/11848/105352/17319/21857/57781/56637/72349/19246/52592/17965/12825/18015/11857/329278/29876/20346/18829/18024/14869/11651/16202/12552/74012/76108/19219/21838/12512/23938/93672/72065/19353/16149/17684/11816/13078/22240/66214/77569/19252/11815/13179/20319
GO:0032970,regulation of actin filament-based process,363,-0.3041541140481553,-1.4908828387986155,3.228385165621002e-4,0.015894181032293026,0.013989744744470706,2217,"tags=23%, list=14%, signal=20%",68667/14086/11465/13609/12288/93677/29819/20742/19684/231637/170758/170731/20301/18708/211673/94175/12333/20401/56221/434204/11845/21872/118449/78757/230972/211401/17974/19229/23897/14609/14248/74192/14758/329165/24136/28240/98660/11518/13605/11848/56193/22218/104027/18484/73910/16423/277360/66824/18643/54324/20259/245857/18829/18479/13383/14726/65970/19241/213556/16202/12978/76441/108686/14745/19219/14191/70497/50876/64930/76709/19240/12631/16518/78321/19353/54631/104445/16456/13717/66214/74392/77569
GO:0043549,regulation of kinase activity,458,-0.2902915689146198,-1.4545631887969097,3.519092983070933e-4,0.016374610349689286,0.014412609156577149,2886,"tags=25%, list=18%, signal=21%",12569/94275/17311/67974/19720/320664/11819/434341/100732/11770/15587/19084/93759/52163/74155/19876/14118/22596/13649/226849/23991/11727/17283/80280/14870/23882/66787/18129/26365/235584/11731/11606/11600/22359/19164/109905/319481/118449/66725/16590/216869/68845/18767/19229/56742/64143/19099/26403/13866/66971/17420/55948/18750/14083/20655/12577/18607/329165/24136/13605/11848/105352/12445/217410/17319/72349/19246/66824/14182/54324/208092/69131/54635/12144/94245/11820/66165/16974/14254/18015/56468/66917/73914/18479/27050/108099/14869/67605/13383/19263/76500/11651/12575/12978/108686/74012/14191/18712/21838/14375/74018/83945/64930/72065/18769/16149/11816/11461/16000/19116/15502/66214/24064/268373/19252/20319
GO:0000302,response to reactive oxygen species,201,-0.35117165579782855,-1.6142347894527038,3.5735769150469995e-4,0.01650119599932771,0.014524027349383468,3042,"tags=32%, list=19%, signal=27%",21929/19053/16174/13614/67067/17295/14775/20969/15587/93759/26462/68015/13649/19156/75747/328572/22059/14870/14360/56338/22228/56273/16476/140742/12333/18124/66725/11839/108655/19305/22166/19229/18104/16818/19272/14281/26419/11758/18750/20655/15368/28240/13605/59041/23876/20852/20845/18294/72129/18024/27050/18538/11651/17390/56208/12491/12631/12368/12842/18477/13078/12833/16952/17392/11815
GO:0051123,RNA polymerase II preinitiation complex assembly,56,-0.497727584554295,-1.8554272303854882,3.6184097678824636e-4,0.016581636883273503,0.014594829829305822,3111,"tags=45%, list=19%, signal=36%",319944/228980/69792/13982/11622/21343/72504/22059/66464/229906/68705/68975/66999/235459/67224/23989/225895/21374/67381/28077/13486/74469/216154/270627/70208
GO:0071706,tumor necrosis factor superfamily cytokine production,181,-0.3551800504924559,-1.6172408073228408,3.71415505916383e-4,0.016697098354338205,0.01469645673947719,2675,"tags=27%, list=17%, signal=23%",20302/15979/93759/74155/15040/12772/14870/73181/12523/18708/11600/26888/19164/66725/108655/216869/67836/14359/22177/16803/142980/14127/17319/56501/19247/16423/66824/13110/56228/11820/67457/73914/13345/192119/56644/14869/12978/17874/19219/27215/12257/16956/107607/12491/19401/67581/16000/13058/14131
GO:0002685,regulation of leukocyte migration,220,-0.34311533868859884,-1.593241969348015,3.726414742661031e-4,0.016697098354338205,0.01469645673947719,2488,"tags=34%, list=16%, signal=29%",20293/18613/18600/16399/11491/170756/66166/21828/58217/20315/74748/71785/12261/17470/76527/18438/13614/12267/17311/20302/20343/20947/63873/12772/18787/20339/22059/13143/170758/109254/18708/12333/56221/17698/20306/19354/13601/55985/71660/19229/19141/16803/14083/20297/11487/380705/11848/17319/57781/16423/66824/17965/11820/16401/17387/17524/18015/18829/11651/12978/27226/17874/16398/19219/14205/21838/19353/16149/20344/12527/70208/16952/19252/16854/11815
GO:0018212,peptidyl-tyrosine modification,262,-0.32965844162982627,-1.5626650436384155,3.679769285664688e-4,0.016697098354338205,0.01469645673947719,2273,"tags=23%, list=14%, signal=20%",216616/22059/21802/14360/101490/16414/94175/19258/11606/11600/19164/18413/78757/11839/16590/216869/19229/16818/23897/13866/18750/14083/329165/18606/380705/105352/17319/16402/19247/19246/14182/208092/54635/11820/14254/68833/56468/11477/14159/56644/12750/14178/12978/74012/547253/109246/19219/14191/14183/18983/12491/93672/72065/16149/16000/19116/56620/67916/16412/20319
GO:0030258,lipid modification,184,-0.3458418465130384,-1.5686484943778576,4.028630658999923e-4,0.017861210050656027,0.01572108490071751,2309,"tags=25%, list=14%, signal=22%",210376/66948/51798/13139/228368/101490/16367/219135/102294/11686/270076/74121/19305/104418/227333/19015/672511/56794/18634/23986/16331/20682/14077/20280/433256/338521/11689/72129/104015/320634/207952/11651/27226/12908/16330/110826/103199/50784/11370/26874/110842/11532/15107/76574/67916/11815
GO:0006979,response to oxidative stress,380,-0.30078542602608144,-1.4842633356820314,4.045273230186603e-4,0.017861210050656027,0.01572108490071751,3608,"tags=33%, list=23%, signal=26%",225887/66521/18595/21672/16881/11668/67452/15251/14780/56426/15234/382985/101739/71785/246196/71361/170719/69568/21929/19053/16174/74287/13614/67067/17295/65106/14775/20683/18053/13665/20969/15587/93759/71701/14776/20523/14782/26462/17025/68015/13649/19156/75747/328572/12846/22059/14870/23825/29819/14360/56338/22228/56273/16476/140742/20466/78771/12333/19164/18124/53618/223921/66725/11839/108655/19305/22166/72446/19229/18104/56438/16818/19272/625249/14281/26419/104156/11758/18750/20655/12350/15368/28240/13605/59041/232491/54601/23876/20852/20845/320183/11820/17387/53381/227743/11689/18294/72129/18024/229731/27050/13010/67130/18538/11651/110265/17390/74018/64930/56208/12491/12631/56615/12368/22433/12842/68194/18477/11816/13078/12833/14778/268373/16952/17392/11815
GO:0014812,muscle cell migration,127,-0.3834860832916106,-1.668831829263588,4.439338549758493e-4,0.019382975726311272,0.01706051304237889,2362,"tags=30%, list=15%, signal=26%",238130/17869/18787/14870/414758/16011/231637/11421/11606/18124/14107/234593/19015/18792/14083/11848/54601/19246/16401/18015/14180/18479/18024/57264/14869/19241/16202/18605/14745/50706/16398/19219/76709/22433/18552/13078/16000/16952
GO:0002181,cytoplasmic translation,159,-0.3643767031351234,-1.6293474293099075,4.486058194219835e-4,0.019382975726311272,0.01706051304237889,1919,"tags=27%, list=12%, signal=24%",114641/12785/19653/208922/209354/78294/57808/67248/108067/56403/67281/223691/67097/67025/26451/16341/20103/13685/67891/66475/27176/11837/76846/20090/19934/100503670/66489/20115/68028/13681/19896/26908/27050/76808/14904/20044/22186/20085/20084/19941/54127/75617/66480
GO:0016049,cell growth,479,-0.2884470027270714,-1.4527079464161214,4.4639795517637063e-4,0.019382975726311272,0.01706051304237889,2937,"tags=26%, list=18%, signal=22%",53378/13614/22411/12189/21813/245688/21812/13132/75788/224023/240396/15587/93759/23988/19876/70556/239667/13649/23991/328572/15200/68404/71890/30939/22059/76863/104416/223499/26365/20878/16011/12904/71254/214585/140742/20466/11731/94175/11606/230103/319740/266692/12168/18786/14706/70834/20544/78757/29869/226352/108655/15387/109075/20378/83814/19229/56742/16728/19015/13866/14609/101502/68142/68755/55948/12818/66398/14083/68349/11487/78829/243743/24136/67184/11848/20682/67891/107250/56637/244058/12064/18158/213084/11820/16401/17387/227743/81907/329278/18080/20346/28185/18479/17131/17755/217340/76500/11651/13542/16202/12575/231841/12978/18605/50790/12387/12767/50706/54394/14025/20403/14815/23938/12631/22433/21923/11816/29817/56177/16000/17425/20720/76574/16412/20319
GO:0009165,nucleotide biosynthetic process,173,-0.3647769193785154,-1.6459256103585034,4.5365503428188985e-4,0.01946212271185214,0.017130176658438214,3670,"tags=36%, list=23%, signal=28%",66416/225887/22271/67273/108147/54391/328099/382985/230899/69802/78914/320685/72900/18160/67763/231327/108156/66401/17869/78330/66495/17993/228368/11512/230103/68342/432530/54405/11717/66377/17991/56749/67680/66588/68349/23917/229363/67184/68202/20135/67054/18158/56520/23972/66925/98496/66592/55936/50799/67130/14923/16889/22171/69875/227197/104130/595136/68194/66091/75406/66218/67264/66046
GO:0002063,chondrocyte development,29,-0.5909122165891848,-1.9204672366291329,4.588257564756091e-4,0.019545330992401123,0.017203414946283403,2889,"tags=52%, list=18%, signal=42%",21813/269941/240396/12168/13601/240725/72043/12814/20682/12845/17131/19227/12393/12406/20319
GO:0044344,cellular response to fibroblast growth factor stimulus,93,-0.4159904752914057,-1.713677846036955,4.8303342808238915e-4,0.020432651793499103,0.017984417219291313,2170,"tags=28%, list=14%, signal=24%",72514/12193/20320/101540/55985/240725/72043/227231/19247/19246/14182/20845/16558/12192/14180/68365/14178/18605/15370/12387/50706/14183/12393/12842/24064/16412
GO:0006123,"mitochondrial electron transport, cytochrome c to oxygen",14,-0.7073076130925557,-1.8723090321144535,5.023893796264931e-4,0.021103842759449005,0.01857518627303218,1903,"tags=50%, list=12%, signal=44%",12862/66142/13063/12868/12861/12867/12859
GO:0001101,response to acid chemical,132,-0.38474812947780773,-1.6767733118115546,5.285685918526606e-4,0.022050423531839614,0.01940834800428862,3106,"tags=39%, list=19%, signal=32%",66508/18595/21417/18049/71785/66586/13436/20194/67490/13614/13665/224023/68441/17025/13649/75747/328572/14870/232975/14360/140742/208922/12306/20469/224826/232087/56876/12826/12608/18104/56438/12050/22142/227231/229363/12064/54635/12825/18534/28185/18024/18538/17390/17874/12832/12631/22433/12842/12843/13058/12833/17392
GO:0051788,response to misfolded protein,19,0.6629159731659626,1.9734510212060588,5.428199134944666e-4,0.022489846963890607,0.019795119844664835,2779,"tags=47%, list=17%, signal=39%",12759/70294/26554/433693/70790/66799/76594/15185/70604
GO:0071364,cellular response to epidermal growth factor stimulus,44,-0.5085058717354772,-1.8301662776648338,5.517249301623962e-4,0.02270329321464173,0.019982991025860364,2758,"tags=48%, list=17%, signal=40%",13132/51944/13649/14870/12193/22687/13866/14281/18607/18803/105352/20682/19247/72349/12192/11651/56208/76709/12631/12842/13627
GO:0014041,regulation of neuron maturation,14,-0.7031092393219138,-1.8611955462909429,5.735224174090969e-4,0.02305180485574007,0.020289744100431266,2059,"tags=50%, list=13%, signal=44%",170758/74143/66725/56637/14025/13618/19353
GO:0006839,mitochondrial transport,170,-0.355503597151404,-1.59529872166797,5.680521121873109e-4,0.02305180485574007,0.020289744100431266,2605,"tags=32%, list=16%, signal=27%",69029/67952/66169/12122/71701/70556/56428/100310872/22059/74919/73689/22228/66400/71254/12015/74143/19164/20544/21648/53600/17448/100040531/94280/230125/12050/67713/22333/18674/66148/21854/27376/74610/380705/67184/15937/55951/56637/30954/69934/50799/68653/28185/229731/21856/12125/11651/57279/21855/66972/66449/94279/22334/70456/12833/11740
GO:2001242,regulation of intrinsic apoptotic signaling pathway,172,-0.3506119528128009,-1.5795448338489395,5.754376811401473e-4,0.02305180485574007,0.020289744100431266,2581,"tags=31%, list=16%, signal=27%",93759/12122/18793/21343/68015/56428/69076/17869/22393/22059/13143/14360/12015/74143/72287/108705/66725/72567/15387/17974/19125/16818/19099/27061/56312/20655/68349/67184/17319/19246/66824/11820/20115/74769/269344/18024/27050/15201/12125/11651/12387/17390/26943/66437/56208/53610/22334/22433/16149/14362/19941/15502/268373/22187
GO:0061448,connective tissue development,270,-0.31899408721741473,-1.5244779384609806,5.671701914353047e-4,0.02305180485574007,0.020289744100431266,2930,"tags=28%, list=18%, signal=23%",15902/13614/231162/12267/21813/21812/243853/269941/12394/240396/15587/93759/74155/63873/328572/227731/12399/216616/68667/14633/12628/230103/55982/12168/13601/16948/20378/240725/20773/19015/72043/56788/67477/18750/18027/12814/12490/20682/12845/21857/69890/19247/14182/20340/12825/16974/230709/20259/14180/18295/192119/12633/229534/17131/12111/18605/12387/19227/12831/16889/16956/22171/12393/18933/19401/12406/13038/22433/12842/15530/16000/12833/70804/22187/20319
GO:0022409,positive regulation of cell-cell adhesion,289,-0.31403788851875997,-1.5039423276976036,6.337644059889725e-4,0.025221321656758514,0.022199310010333956,2889,"tags=26%, list=18%, signal=21%",21813/17311/171285/12509/14924/76365/246707/12394/224023/18793/15040/22042/12772/13642/328572/12399/16408/20339/104831/26365/16414/12015/12333/74143/13848/18124/16403/21872/14969/55985/70945/17974/12524/16186/14999/13846/16818/16728/22724/11848/16423/66824/12144/16401/72057/56468/12010/11689/18534/18829/330817/17131/27050/74734/14726/207952/15000/23871/21838/83945/19401/14960/107527/22433/16149/17684/20344/16456/11461/16000/14961/16952/16852/67916
GO:0030852,regulation of granulocyte differentiation,17,-0.6804331537565391,-1.9151905776662617,6.837823257782695e-4,0.026858436939173714,0.023640266601411396,2715,"tags=59%, list=17%, signal=49%",12394/19659/26365/12262/57816/23897/16331/70673/99375/19401
GO:0090407,organophosphate biosynthetic process,483,-0.2845502277318477,-1.4341482743849778,6.80089072000947e-4,0.026858436939173714,0.023640266601411396,3187,"tags=28%, list=20%, signal=23%",19228/55980/69802/75678/29858/78914/69718/110446/66461/67556/66586/320685/74450/27392/72900/18160/67763/104112/12715/13026/231327/27399/110095/236900/108156/102448/14583/66401/268656/17869/78330/13139/67883/66495/110119/17993/228368/269180/60525/75320/14584/11512/52014/18708/18648/230103/116939/67880/69048/68342/270076/432530/212862/12651/54405/11717/68671/104418/208449/66377/327655/17991/227333/17448/56749/20773/67420/108083/19015/67680/13481/52076/52858/22333/66588/227620/18803/227231/68349/23917/218442/229363/74442/105501/27376/67184/56193/68202/53357/12752/55951/20135/67054/18158/14077/56520/23972/216134/58810/66925/20280/98496/433256/66592/74769/55936/18534/50799/67073/67130/76500/14923/14178/50790/68263/16889/103199/22171/56208/19210/69875/56442/227197/104130/595136/68194/67292/66091/75406/68801/66218/70456/67264/13382/66046
GO:0071560,cellular response to transforming growth factor beta stimulus,246,-0.3288737711172561,-1.5436655895301856,6.892355398933787e-4,0.02689797277945192,0.02367506526845983,2937,"tags=32%, list=18%, signal=26%",53378/13614/21813/75901/217351/245688/21812/13132/75788/16420/12394/12741/241639/27528/15587/93759/23988/225631/20901/14118/80707/93836/328572/17283/18787/16419/380664/22059/108155/54611/14360/19646/12193/16476/20466/53618/14119/16948/226352/12562/216869/19272/14281/14083/66354/12577/18607/101809/24136/12827/70673/56424/105352/20682/17826/56440/52592/20845/12192/20340/12825/22409/11477/12633/16400/17131/18550/14828/50706/67903/14815/13038/22433/12842/12843/17684/15446/24064
GO:0071340,skeletal muscle acetylcholine-gated channel clustering,17,-0.6781652798078123,-1.908807274921595,7.190738391724635e-4,0.02774122267924559,0.024417277203126083,1504,"tags=47%, list=9%, signal=43%",223254/20411/104156/13542/83945/19353/14272/67830
GO:0030282,bone mineralization,119,-0.3878282619312973,-1.6666196220235392,7.20015202618872e-4,0.02774122267924559,0.024417277203126083,3542,"tags=38%, list=22%, signal=30%",19073/15251/68431/110789/107515/381629/19228/22411/243853/71982/21418/100038882/67972/68667/13609/12168/14119/211401/13601/16948/11474/12095/19229/20516/14609/52076/14758/74442/20682/12845/353170/230709/11689/11477/20937/12978/18605/19227/14191/14183/12393/12843/231633/16000/12833
GO:0016125,sterol metabolic process,141,0.3568220481002353,1.6126270116737167,7.619305553028277e-4,0.029170366639410156,0.025675181537119937,2741,"tags=31%, list=17%, signal=26%",11806/30924/21834/16835/13884/20208/14137/12359/15360/65969/16987/13123/16971/104086/11807/72999/235623/18023/381236/110524/16973/13122/230101/68054/68603/17777/76483/14263/72017/13595/68177/18984/237636/382044/217265/11814/20788/104158/14381/11307/18194/15357/15490/28194
GO:0035020,regulation of Rac protein signal transduction,32,-0.5610553496718079,-1.8630208660496979,7.677301152311548e-4,0.029207543817819214,0.02570790415649905,3451,"tags=50%, list=22%, signal=39%",11603/211255/94176/100310872/108155/20401/11845/21648/56486/100040531/319939/18015/231532/74769/70497/14272
GO:0097193,intrinsic apoptotic signaling pathway,301,-0.3077285391312355,-1.4811641634260886,7.885534101028435e-4,0.029812247360700626,0.026240152291448573,3073,"tags=31%, list=19%, signal=25%",21933/66593/29813/54711/19823/12189/74126/65106/14775/66626/15254/12235/93759/12122/18793/21343/21981/80707/68015/328572/56428/69076/17869/22393/22059/66787/73181/13143/242705/14360/18708/68048/12015/74143/72287/56072/108705/66725/72567/12608/15387/17974/19125/16818/19099/27061/13063/56312/12050/55948/18750/66354/20655/68349/15368/67184/17319/59041/15937/56637/19246/66824/11820/12047/30954/20115/74769/269344/18024/27050/15201/12125/11651/12575/12387/17390/26943/66437/12925/56208/53323/53610/22334/12368/22433/16149/14362/13078/19941/15502/268373/67941/22187
GO:0032496,response to lipopolysaccharide,312,-0.30769496200360424,-1.4791758025816275,7.941859344607209e-4,0.029838700109024226,0.026263435478929887,2481,"tags=22%, list=15%, signal=19%",19106/17025/18036/18787/12363/22259/108155/14870/327957/211666/12628/11421/12523/12567/21872/18786/55985/12608/108655/18034/12524/208449/18104/21824/19015/67836/625249/14609/14281/17079/26419/20496/15900/18750/16803/227231/11848/17319/110651/66824/20845/108960/12010/18534/73914/394436/11303/22026/11651/15370/20311/18035/17874/19219/13618/14825/12257/56744/12491/19401/56615/22433/19353/57783/15446/11532/22352/12833/20568
GO:0001558,regulation of cell growth,393,-0.292108785239365,-1.445314356542561,8.454504073400636e-4,0.031568700703703975,0.027786147890357646,2972,"tags=26%, list=19%, signal=22%",16323/53378/13614/22411/12189/245688/21812/13132/75788/224023/15587/93759/23988/70556/239667/13649/23991/328572/15200/71890/30939/22059/76863/104416/26365/16011/12904/71254/140742/20466/94175/11606/319740/12168/18786/14706/70834/20544/78757/29869/108655/15387/109075/20378/83814/19229/56742/16728/19015/13866/14609/101502/68142/68755/55948/12818/66398/14083/68349/11487/243743/67184/11848/67891/107250/56637/244058/12064/18158/213084/17387/227743/20346/28185/18479/17131/17755/217340/76500/11651/16202/12575/231841/18605/50790/12767/54394/14025/20403/14815/23938/12631/22433/21923/11816/29817/56177/16000/17425/20720/76574/20319
GO:0010918,positive regulation of mitochondrial membrane potential,12,-0.7448221614850906,-1.9253477858748367,8.809912974577368e-4,0.03269396538847761,0.028776583678018944,2728,"tags=67%, list=17%, signal=55%",72759/12122/17869/170731/12015/56637/11651/67414
GO:0016072,rRNA metabolic process,231,-0.32468921902007414,-1.5171735631415686,9.016421968529223e-4,0.03305474938644441,0.029094138639120137,3296,"tags=33%, list=21%, signal=27%",224823/105372/69962/230082/75678/57316/66161/269470/75686/68017/19942/59028/50912/382137/103136/213541/140546/78581/69713/11727/66467/17869/227656/22059/66446/223499/68731/67674/72614/11731/213550/71151/57808/109075/68845/20729/70930/24127/67025/72662/228889/74035/78394/117109/27993/27176/27998/68979/100503670/110109/17089/66254/21945/100043813/66489/20115/227522/209011/20937/192119/70285/448850/67920/66229/67832/20044/245474/20085/73674/104662/69639/19941/54127/75617/77591/57294
GO:0042254,ribosome biogenesis,289,-0.31062496302384,-1.4875976657929566,9.005823559427481e-4,0.03305474938644441,0.029094138639120137,3418,"tags=32%, list=21%, signal=26%",20055/97112/14109/224823/105372/12261/69962/230082/19428/57316/66161/269470/75686/68017/19942/59028/50912/56412/382137/103136/213541/140546/78581/69713/22596/66467/56321/68052/227656/66446/223499/68731/67674/72614/71151/226432/78294/57808/109075/68845/28126/103573/71986/70930/55989/67025/72662/228889/74035/20103/78394/117109/99375/66475/27993/27176/11837/27998/76846/68979/14645/75619/100503670/110109/17089/66254/100043813/66489/20115/227522/209011/20937/192119/70285/448850/67920/75751/66229/67832/19384/20044/64930/245474/20085/73674/104662/69639/19941/54127/75617/67941/77591/57294
GO:0051258,protein polymerization,257,-0.3168569245805918,-1.4964595693298548,9.15130385966992e-4,0.03334713075129117,0.029351486951306568,2161,"tags=23%, list=13%, signal=20%",13367/93677/20742/19684/231637/211673/12333/56221/11845/67203/78757/211401/12562/17974/19229/56742/23897/625249/14544/26419/22142/14248/74192/101706/11518/11848/73910/277360/66824/18643/66700/20259/18080/245857/110308/14159/18829/18479/68089/27050/17755/13383/19241/76441/103733/22680/50876/77891/72948/53323/76709/19240/12631/22334/19353/54631/104445/16564/13717
GO:0030574,collagen catabolic process,31,-0.5678415138173497,-1.8782412216594124,9.382563828992745e-4,0.0337828146437959,0.029734967322710092,1631,"tags=42%, list=10%, signal=38%",17385/216725/13030/17384/17387/13039/13010/13040/17390/13038/17381/17392/16412
GO:0071559,response to transforming growth factor beta,253,-0.3198165638563381,-1.5106386155320692,9.367032114764233e-4,0.0337828146437959,0.029734967322710092,2937,"tags=31%, list=18%, signal=26%",53378/13614/21813/75901/217351/245688/21812/13132/75788/16420/12394/12741/241639/27528/15587/93759/23988/225631/20901/14118/80707/93836/328572/17283/18787/12399/16419/380664/22059/108155/54611/14360/19646/12193/16476/20466/53618/14119/16948/226352/12562/216869/19272/14281/14083/66354/12577/18607/101809/24136/12827/70673/56424/105352/20682/17826/56440/52592/20845/12192/20340/12825/22409/11477/12633/16400/17131/18550/14828/50706/67903/14815/13038/22433/12842/12843/17684/15446/24064
GO:2000197,regulation of ribonucleoprotein complex localization,10,0.7621699955573316,1.8837889885333512,9.933622082265957e-4,0.03513946197405075,0.030929061552539994,2225,"tags=60%, list=14%, signal=52%",232341/235626/73473/54194/20926/28114
GO:0006364,rRNA processing,201,-0.338776464332343,-1.5572576702713277,9.877211383331668e-4,0.03513946197405075,0.030929061552539994,3020,"tags=31%, list=19%, signal=26%",57316/66161/269470/75686/68017/19942/59028/50912/382137/103136/213541/140546/78581/69713/66467/227656/66446/223499/68731/67674/72614/71151/57808/109075/68845/70930/67025/72662/228889/74035/78394/117109/27993/27176/27998/68979/100503670/110109/17089/66254/100043813/66489/20115/227522/209011/20937/192119/70285/448850/67920/66229/67832/20044/245474/20085/73674/104662/69639/19941/54127/75617/77591/57294
GO:2000146,negative regulation of cell motility,297,-0.31443677652029545,-1.5111412159720792,9.904790992172122e-4,0.03513946197405075,0.030929061552539994,2831,"tags=25%, list=18%, signal=21%",66082/107351/245688/21812/18053/11819/246707/12741/15587/23988/19876/18787/104831/108155/14870/16011/19646/109254/68713/20466/78771/94175/16449/55985/240725/234593/19015/19272/19279/14609/14083/24136/11848/105352/17319/21857/57781/56637/72349/19246/52592/17965/12825/18015/11857/329278/29876/20346/18829/18024/14869/11651/16202/12552/74012/76108/19219/21838/12512/23938/12631/93672/72065/19353/16149/17684/11816/13078/22240/66214/77569/19252/11815/13179/20319
GO:0090322,regulation of superoxide metabolic process,31,-0.5640881903264695,-1.8658264074423219,0.0010097404989209786,0.03524530999340932,0.031022226892076874,2426,"tags=42%, list=15%, signal=36%",13649/14870/16414/11606/22177/20655/23876/11820/56644/18024/11651/14825/12491
GO:0070849,response to epidermal growth factor,48,-0.49033759268001426,-1.7787638671851191,0.0010196609768303242,0.03524530999340932,0.031022226892076874,2758,"tags=44%, list=17%, signal=36%",13132/51944/13649/14870/12193/22687/13866/14281/18607/18803/105352/20682/19247/72349/12192/11651/56208/76709/12631/12842/13627
GO:0033627,cell adhesion mediated by integrin,79,-0.4310097268406754,-1.731985325037111,0.0010140188218677128,0.03524530999340932,0.031022226892076874,4381,"tags=54%, list=27%, signal=40%",223272/16413/241226/16878/16404/13482/107581/16399/107321/27205/11491/109700/21808/192897/246707/16420/241639/14118/20947/23991/18787/16419/16408/170758/16414/94175/16403/55985/70945/16728/57816/18792/14083/16402/19247/16401/18829/16400/16398/230379/13078/67916/16412
GO:0022407,regulation of cell-cell adhesion,442,-0.28180547439812426,-1.407858355913662,0.0010093965658753683,0.03524530999340932,0.031022226892076874,2889,"tags=24%, list=18%, signal=21%",21813/17311/171285/208650/12509/14924/76365/54607/246707/12394/224023/19084/213541/18793/20947/63873/15040/22042/12772/13642/328572/18782/12399/71890/16408/20339/56745/104831/14870/26365/19684/14190/109254/16414/18708/12015/12333/74143/13848/18124/16403/21872/16449/14969/55985/12608/226352/70945/17974/12524/16186/14999/13846/16818/16728/13866/55948/18750/14083/23965/22724/11848/105352/72349/16423/66824/12144/16401/72057/56468/12010/11689/18534/18829/330817/17131/27050/74734/13383/14726/207952/11651/15000/23871/21838/83945/56744/19401/14960/23938/107527/22433/16149/17684/20344/12527/16456/11461/16000/20720/66214/14961/208936/74392/16952/16852/16854/67916
GO:0030168,platelet activation,89,-0.41204731046924686,-1.6898314856363374,0.001052752074540892,0.036111055013751364,0.031784238588292865,2226,"tags=26%, list=14%, signal=22%",56745/26365/12628/94175/70945/18750/14127/56193/12845/12304/74769/12496/14726/74012/109246/56744/11816/20344/12527/16456/20720/268373/208936
GO:0001701,in utero embryonic development,483,0.26874354366091013,1.3751248633753823,0.0010566468403759284,0.036111055013751364,0.031784238588292865,2981,"tags=27%, list=19%, signal=22%",18815/213742/245944/72469/22083/77087/110257/14462/18107/74318/16600/26554/50884/22601/65969/112405/16002/18970/225876/17184/66797/217558/50868/18230/320790/227723/234594/319757/14751/319583/17134/320541/235626/17192/11535/19089/14634/17300/18541/19647/231672/22289/16691/15122/50927/18005/14622/17158/108961/20185/16842/11931/14218/66711/67204/12946/18999/14950/269275/18799/217201/19253/232791/56274/16450/12166/217011/69697/667118/207165/22682/17685/381022/13018/50500/27206/17859/66055/22113/19672/74440/20926/13445/66935/67031/13716/23950/17308/11835/109145/28114/71954/380993/67888/11909/234740/231915/67772/22658/21425/68585/13710/20482/12442/14534/14013/16568/12156/13507/18741/18194/76044/17128/84505/225164/68275/217331/77579/83431/20531/108098/22422/67168/19062/107586/66923/74778/71602/26395
GO:0030307,positive regulation of cell growth,171,-0.3514093371324648,-1.5795775175045705,0.0010821038981805079,0.03677329483198816,0.032367129018314664,2937,"tags=31%, list=18%, signal=26%",53378/13614/21812/75788/224023/93759/23988/70556/13649/23991/328572/15200/12904/319740/12168/18786/20544/78757/15387/109075/83814/19229/16728/13866/68142/55948/66398/14083/11487/11848/67891/56637/12064/17387/227743/18479/17131/17755/217340/11651/16202/231841/50790/12767/14025/20403/14815/23938/12631/11816/16000/76574/20319
GO:0140236,translation at presynapse,46,-0.5008894347131292,-1.8193990758999385,0.0010943080774832956,0.0369802768753992,0.03254931053167015,1698,"tags=39%, list=11%, signal=35%",78294/57808/67281/67097/26451/20103/67891/27176/19934/100503670/66489/19896/20044/22186/19941/54127/66480/57294
GO:0051348,negative regulation of transferase activity,196,-0.3393928404359618,-1.555506048980476,0.0011186706895205917,0.03759355000505588,0.033089101447924874,3263,"tags=33%, list=20%, signal=27%",52840/209200/11789/65019/230899/69802/319801/21929/26889/19720/11819/11770/15587/19084/93759/74155/226849/17283/71890/80280/14870/23882/23825/66787/26365/235584/11606/19164/18767/19099/66971/67025/18750/12577/18607/105352/72349/19246/66824/208092/94245/100503670/16974/18015/56468/20115/66917/73914/17131/108099/14869/67605/19263/11651/12575/21838/83945/18769/11816/11461/15502/24064/268373/19252/20319
GO:0061041,regulation of wound healing,118,-0.38454640985267086,-1.6460721632208837,0.0011565585476435948,0.03843968491591267,0.033833852712442464,2829,"tags=31%, list=18%, signal=26%",107351/11747/246707/241639/12361/18793/15200/11905/18787/56745/11465/26365/109254/211673/94175/12306/70945/12258/21824/20496/18792/14083/11689/56644/18024/19128/12767/19219/12491/22433/11816/12527/20720/208936/16952/100503895/16412
GO:0001503,ossification,374,-0.28811430521031506,-1.4205935792003537,0.0011518020946633498,0.03843968491591267,0.033833852712442464,2944,"tags=28%, list=18%, signal=23%",68944/15902/21333/22411/17936/243853/20683/71982/269941/75788/12394/64075/21418/20302/100038882/11622/19712/80707/17283/12399/12571/69504/16477/67972/68667/320799/68588/13609/16011/14633/56233/68713/230103/12168/14119/16449/211401/13601/16948/11839/12608/11474/21990/12095/19229/20516/14609/56788/26419/52076/18634/14083/14758/74442/12814/29806/11848/20682/107250/12845/353170/56637/19247/14182/114584/71584/20148/17387/16974/13081/230709/18015/329278/14180/11689/11477/209011/20937/13345/15081/17131/11651/16202/12978/18605/12387/15903/17390/19227/19219/14191/66449/14183/12393/12832/13038/12842/12843/14362/15530/231633/16000/12833/20319
GO:0007622,rhythmic behavior,55,0.46686594524444286,1.7600766591806858,0.0011826616110056267,0.038669838297151544,0.0340364291804635,2175,"tags=31%, list=14%, signal=27%",11657/192167/17842/229599/66049/66797/100039028/353187/20185/269604/269378/13488/16490/224671/17841/13654/18457
GO:0032680,regulation of tumor necrosis factor production,174,-0.35182292902376616,-1.5867075037840042,0.001175176484484101,0.038669838297151544,0.0340364291804635,2675,"tags=27%, list=17%, signal=23%",20302/15979/93759/74155/15040/12772/14870/73181/12523/18708/11600/26888/19164/66725/108655/216869/14359/22177/16803/142980/14127/17319/56501/19247/16423/66824/13110/56228/11820/67457/73914/13345/192119/56644/14869/12978/17874/19219/12257/16956/107607/12491/19401/67581/16000/13058/14131
GO:0002237,response to molecule of bacterial origin,324,-0.2962359267704865,-1.4333102027935734,0.0011796522316672997,0.038669838297151544,0.0340364291804635,2494,"tags=22%, list=16%, signal=19%",11622/19106/17025/18036/18787/12363/22259/108155/14870/327957/211666/12628/11421/12523/12567/21872/18786/55985/12608/108655/18034/12524/208449/18104/21824/19015/67836/625249/14609/14281/17079/26419/20496/15900/18750/16803/227231/11848/17319/110651/66824/20845/108960/12010/18534/73914/394436/11303/22026/11651/15370/20311/18035/17874/19219/13618/14825/12257/56744/12491/19401/56615/22433/19353/57783/15446/11532/22352/12833/20568
GO:0050730,regulation of peptidyl-tyrosine phosphorylation,210,-0.33127913356769784,-1.529459952014417,0.001209437190650272,0.039332718098083315,0.03461988291063428,2131,"tags=22%, list=13%, signal=20%",21802/14360/101490/16414/94175/11606/11600/19164/18413/78757/11839/16590/216869/16818/23897/18750/329165/18606/380705/105352/17319/16402/19247/19246/208092/54635/11820/68833/56468/11477/56644/14178/12978/74012/547253/109246/19219/18983/12491/93672/72065/16149/16000/56620/67916/16412/20319
GO:0030833,regulation of actin filament polymerization,127,-0.3721160815059111,-1.6193525346933844,0.001219676146670297,0.039453588295233294,0.034726270474857095,2120,"tags=27%, list=13%, signal=23%",93677/20742/19684/231637/211673/12333/56221/11845/78757/17974/19229/23897/14248/74192/11518/11848/73910/277360/66824/18643/20259/245857/18829/13383/19241/76441/50876/76709/19240/12631/19353/54631/104445/13717
GO:0140241,translation at synapse,47,-0.5004966263854338,-1.8096298425405977,0.0012501877494511715,0.03980202998121125,0.035032961976310395,1698,"tags=38%, list=11%, signal=34%",78294/57808/67281/67097/26451/20103/67891/27176/19934/100503670/66489/19896/20044/22186/19941/54127/66480/57294
GO:0140242,translation at postsynapse,47,-0.5004966263854338,-1.8096298425405977,0.0012501877494511715,0.03980202998121125,0.035032961976310395,1698,"tags=38%, list=11%, signal=34%",78294/57808/67281/67097/26451/20103/67891/27176/19934/100503670/66489/19896/20044/22186/19941/54127/66480/57294
GO:0043542,endothelial cell migration,215,-0.3354200627427395,-1.55461029273795,0.0012386962228860586,0.03980202998121125,0.035032961976310395,2813,"tags=30%, list=18%, signal=25%",17295/14775/21812/20683/11819/18570/93759/19876/13642/23991/12554/380664/26365/56233/109254/16414/52014/94175/11606/20401/11600/55982/11745/101540/72461/55985/108655/12562/19229/13846/19141/18750/14083/18607/18803/15368/14314/24136/11848/12752/319939/14182/14645/18015/74769/192119/18024/66864/11651/15370/23871/12767/67903/23938/19353/11816/13078/68792/16000/66214/16952/20692/67916/16412/13179
GO:0098754,detoxification,105,-0.38427155312490396,-1.617829042889086,0.00129673918459028,0.04085403816451356,0.035958918835842305,2804,"tags=31%, list=18%, signal=26%",14775/26358/14776/14782/26462/12870/26357/211666/52700/14867/140742/14866/22166/18104/625249/11758/20655/23876/17252/14873/58810/53381/17748/18024/217371/18712/12491/13885/66447/18477/11816/11532/14778
GO:1903555,regulation of tumor necrosis factor superfamily cytokine production,176,-0.3504545704345819,-1.5821396596068256,0.001296573619692493,0.04085403816451356,0.035958918835842305,2675,"tags=27%, list=17%, signal=22%",20302/15979/93759/74155/15040/12772/14870/73181/12523/18708/11600/26888/19164/66725/108655/216869/14359/22177/16803/142980/14127/17319/56501/19247/16423/66824/13110/56228/11820/67457/73914/13345/192119/56644/14869/12978/17874/19219/12257/16956/107607/12491/19401/67581/16000/13058/14131
GO:0002886,regulation of myeloid leukocyte mediated immunity,57,-0.4689694779524398,-1.7590293923933857,0.0013579061272596328,0.04255945162587316,0.03745999013732874,2479,"tags=28%, list=15%, signal=24%",15040/12772/12523/16414/19354/22177/18607/15368/14127/14389/14159/20311/14191/14825/13421/14131
GO:0044743,protein transmembrane import into intracellular organelle,37,-0.541043321863077,-1.8761449181397833,0.0013796550360999729,0.04258619050299754,0.037483525169738643,3176,"tags=49%, list=20%, signal=39%",224824/67067/67952/66169/56273/71382/18633/19305/53600/67713/18634/66148/21854/28185/72129/21856/21855/66449
GO:0006626,protein targeting to mitochondrion,72,-0.44152555634909646,-1.7489769274572806,0.0013719171850971302,0.04258619050299754,0.037483525169738643,2918,"tags=38%, list=18%, signal=31%",67067/11632/67145/67952/93757/66169/12122/56428/170731/66725/53600/14545/27061/66541/67713/66148/21854/67184/69934/68653/28185/30058/21856/66437/21855/75734/66449
GO:0051051,negative regulation of transport,415,-0.28329474887739015,-1.404795047400625,0.00137987987081956,0.04258619050299754,0.037483525169738643,4353,"tags=36%, list=27%, signal=27%",22320/22260/20684/68606/17395/14687/20408/16878/56807/223775/12953/20375/26950/13121/239790/228359/56437/14682/227738/16193/18764/16333/14681/16156/13663/18441/105675/26921/207227/243725/14130/11305/22038/12373/15183/11603/69847/22627/21808/19092/19057/75387/20479/17470/67841/66461/18390/73389/67704/12315/53378/13614/30948/11813/19720/11793/11747/65106/20379/15497/241639/223527/104215/13982/93759/11812/14118/11622/19712/53322/12772/237782/17869/215449/17840/22259/26365/22228/11421/75597/12523/16367/109254/78771/11600/66383/12306/17472/109905/18413/54609/56695/76273/23921/22166/83814/18767/15494/19229/14664/107065/18751/14609/18798/22333/66402/15464/18750/12314/15493/14758/15368/12313/98660/16976/18007/22218/19247/16423/17846/56228/14873/18015/19349/98496/16497/55988/16543/17999/17755/11651/18605/50877/50790/19058/19219/66437/22630/12257/12491/214084/18769/16149/11816/216440/20224/15107/20720/16952/16854/11815
GO:0031214,biomineral tissue development,151,-0.3591263167505595,-1.593507195559733,0.0013980811055298841,0.04292889648401152,0.03778516821677881,3542,"tags=35%, list=22%, signal=28%",19073/15251/208659/68431/110789/107515/381629/19228/22411/243853/71982/16420/21418/100038882/67972/68667/13609/12168/14119/211401/13601/16948/12608/11474/12095/19229/22156/20516/14609/52076/14758/30963/74442/20682/12845/353170/14182/230709/11689/11477/20937/192119/12978/18605/19227/14191/14183/12393/12842/12843/231633/16000/12833
GO:1990874,vascular associated smooth muscle cell proliferation,72,-0.44057477297832676,-1.745210671677578,0.0014376370013038401,0.04392053646912591,0.03865799017860087,2242,"tags=33%, list=14%, signal=29%",67811/14870/16011/170731/16476/11606/58859/18124/14609/12797/15368/11848/18015/14180/18479/14869/12575/18605/17390/14183/54598/22433/15446/16000
GO:0031424,keratinization,57,0.44749991856912574,1.7084801146808428,0.0014470733943545899,0.04398666815301967,0.03871619798278506,2732,"tags=47%, list=17%, signal=39%",223915/64818/16678/68723/74591/406220/73722/16447/93746/74127/20759/105866/20761/20763/21816/114566/109052/232174/16679/71913/72383/71529/56735/66195/14027/332131/68484
GO:1905517,macrophage migration,63,-0.44503645164023464,-1.7120458483341419,0.0014569992854277958,0.044066943387763687,0.03878685466154627,3415,"tags=38%, list=21%, signal=30%",58217/74748/17470/17925/76527/18438/12267/20302/75458/63873/12772/71660/19229/14083/17319/57781/17387/18829/12978/18605/17390/13618/12527/16854
GO:1900407,regulation of cellular response to oxidative stress,23,-0.6071612100747149,-1.85568911910809,0.0014830625060620929,0.044632065169998014,0.03928426371124413,3492,"tags=57%, list=22%, signal=44%",67452/71361/170719/17295/20523/53618/28240/23876/227743/11689/18024/64930/12491
GO:0033673,negative regulation of kinase activity,173,-0.3455707196788137,-1.559264491510147,0.0015642499387585021,0.046842316235396926,0.04122968311745964,3263,"tags=32%, list=20%, signal=26%",52840/11789/230899/69802/319801/21929/19720/11819/11770/15587/19084/93759/74155/226849/17283/80280/14870/23882/66787/26365/235584/11606/19164/18767/19099/66971/18750/12577/18607/105352/72349/19246/66824/208092/94245/16974/18015/56468/66917/73914/108099/14869/67605/19263/11651/12575/21838/83945/18769/11816/11461/15502/24064/268373/19252/20319
GO:0034405,response to fluid shear stress,33,-0.5425027205751807,-1.8300047328460933,0.0016173590681105789,0.04819411331527533,0.04241950825254503,2045,"tags=39%, list=13%, signal=34%",11421/211401/19229/14609/21821/56468/11303/18024/17131/11651/17390/22433/17684
GO:0002285,lymphocyte activation involved in immune response,179,-0.33818824911609646,-1.5295639246252402,0.0016431629878701243,0.0487230044785607,0.04288502782583638,2488,"tags=28%, list=16%, signal=24%",240354/21929/100561/16182/171285/13026/20947/72310/22042/12772/328572/17283/103743/71890/16408/22059/16431/23882/18129/26365/14190/74143/19164/55982/19698/58230/108655/19229/14999/17079/15900/22177/22724/14127/20852/56468/18534/16783/17131/18605/15000/19219/56744/64930/19401/22433/16149/101142/16952/16852/16854
GO:0030853,negative regulation of granulocyte differentiation,10,-0.7630239546677924,-1.8757567773476242,0.0016994810500281193,0.049712629555470844,0.04375607630518686,2715,"tags=70%, list=17%, signal=58%",12394/26365/12262/16331/70673/99375/19401
GO:0001938,positive regulation of endothelial cell proliferation,84,-0.40714552468428794,-1.6440592244341174,0.0017011926463849339,0.049712629555470844,0.04375607630518686,2947,"tags=35%, list=18%, signal=28%",18176/21812/20683/18570/93759/11727/12554/16476/11731/56221/228852/78757/101540/13601/18750/18607/18803/69745/15368/14182/16401/18015/68833/192119/11651/14178/15370/15530/16000
GO:0007159,leukocyte cell-cell adhesion,361,-0.2909082099456135,-1.4268110160629195,0.0016878271878630676,0.049712629555470844,0.04375607630518686,2926,"tags=24%, list=18%, signal=20%",67490/21813/17311/171285/208650/12509/54607/12394/224023/20343/20345/19084/15040/22042/12772/13642/328572/18782/12399/16408/20339/14870/26365/14190/12628/109254/16414/12015/12333/74143/13848/18124/17698/19354/14969/12608/17974/12524/16186/14999/13846/16818/16728/13866/22724/11848/105352/16402/72349/16423/66824/12144/16401/72057/56468/66629/12010/11689/18534/18829/330817/17131/27050/74734/13383/207952/11651/15000/23871/21838/83945/56744/19401/14960/107527/22433/16149/20344/57783/16456/11461/16000/14961/16952/16852/16854/16412
GO:0071675,regulation of mononuclear cell migration,130,-0.36389904092407616,-1.5862581732076302,0.0017098712813143036,0.04972343696851195,0.043765588777045956,3635,"tags=35%, list=23%, signal=28%",11491/170756/66166/58217/20315/74748/71785/12261/17470/76527/18438/12267/20302/63873/12772/18787/109254/17698/20306/13601/55985/71660/19229/19141/14083/20297/11487/380705/11848/17319/57781/16423/66824/17965/11820/16401/17387/18829/11651/12978/27226/12527/70208/19252/16854/11815
GO:1903131,mononuclear cell differentiation,476,-0.27558607192607754,-1.385828216610595,0.0017180026990277727,0.04972343696851195,0.043765588777045956,3490,"tags=28%, list=22%, signal=23%",210710/76022/57376/27362/57432/21417/16184/98365/83797/22780/18736/74748/224860/11789/21942/17082/76527/240354/21929/12370/15902/16019/21813/16182/74126/18771/94176/11793/16420/13024/12394/93759/11622/66494/12772/19156/328572/18782/17283/17869/103743/12399/12571/22059/16431/23882/18129/12262/14190/233912/18021/12193/16169/22228/227525/56233/16476/18708/12015/74143/19164/19698/12608/108655/16590/16186/19229/16818/237339/13866/14281/15900/18750/22724/14127/16331/28240/11848/277360/20852/102545/19934/12144/65963/11820/12192/17387/12047/72057/56468/12010/107817/67549/13039/18534/14159/192119/66058/17131/21949/74734/15201/207952/15467/16847/16071/12978/18605/12387/17874/19219/14025/16889/27215/14375/83945/56744/64930/12393/216742/14815/19401/14960/107527/12502/241296/13038/22433/16149/101142/17068/11461/16952/11740/16852
GO:0002286,T cell activation involved in immune response,103,-0.38537430301235415,-1.617396211353909,0.0017380559727645393,0.04982701696328293,0.043856757846061564,2428,"tags=29%, list=15%, signal=25%",12772/328572/17283/103743/16408/22059/23882/26365/14190/74143/19164/19698/108655/14999/22177/22724/14127/20852/56468/18534/17131/15000/19219/56744/64930/19401/16149/16952/16852/16854
GO:0008203,cholesterol metabolic process,136,0.34559802026282316,1.5484211903593668,0.0017315142588507062,0.04982701696328293,0.043856757846061564,2741,"tags=30%, list=17%, signal=25%",11806/30924/21834/16835/13884/20208/14137/12359/15360/65969/16987/13123/16971/104086/11807/72999/235623/18023/110524/16973/13122/230101/68054/68603/17777/76483/14263/13595/18984/237636/382044/217265/11814/20788/104158/14381/11307/18194/15357/15490/28194
